Dates,Open,High,Low,Close,Volume
2019-07-14,861801.49998000,869103.73200000,766726.77300000,772128.69438000,72517.57923600
2019-07-15,772128.69438000,842390.10000000,748285.26000000,822561.29952000,81922.42633200
2019-07-16,822186.39798000,836925.94800000,709581.60891000,716379.92469000,97219.44341300
2019-07-17,715665.03147000,755646.68700000,687572.46000000,733708.11672000,84942.67271700
2019-07-18,733779.45426000,818712.10800000,702143.53200000,806505.79956000,80283.31025200
2019-07-19,806618.11824000,817324.06161000,768156.55944000,797181.07239000,56546.93213300
2019-07-20,797294.14998000,840036.72009000,785471.85000000,815086.79493000,47331.89984800
2019-07-21,815089.83057000,820981.24890000,780766.60800000,803643.94995000,38834.28793500
2019-07-22,803697.07365000,810755.69556000,766499.10000000,784736.46621000,40467.95483900
2019-07-23,784946.68428000,785014.22727000,745401.40200000,748657.88481000,47624.37071000
2019-07-24,748648.01898000,754128.86700000,722861.77500000,740945.08248000,43475.38037700
2019-07-25,740954.18940000,772190.92500000,737662.79673000,749793.21417000,37873.35472800
2019-07-26,749966.24565000,750560.47218000,731361.56700000,745553.18400000,27167.46321700
2019-07-27,745553.18400000,773227.59606000,708290.70300000,719182.57932000,43809.77830100
2019-07-28,719364.71772000,728173.38609000,695541.01500000,724117.01214000,29401.02293700
2019-07-29,724117.01214000,738343.53900000,712995.94500000,721544.30724000,29021.93741100
2019-07-30,721652.83137000,737226.42348000,713527.18200000,726596.37111000,32536.36883400
2019-07-31,726656.32500000,767242.83180000,725138.50500000,765021.50223000,39515.35456000
2019-08-01,765021.50223000,794416.36326000,748547.84286000,787368.36609000,41727.63702800
2019-08-02,787369.12500000,809756.97000000,780261.93285000,798657.91125000,42990.44422100
2019-08-03,798657.91125000,827573.90007000,796698.40563000,820902.32226000,33802.31882400
2019-08-04,820902.32226000,837836.64000000,800801.83200000,829430.19393000,39924.74514100
2019-08-05,829487.87109000,905950.33032000,829321.66980000,897699.46080000,65153.67371300
2019-08-06,897790.53000000,935789.15370000,852005.48970000,871356.93579000,76705.38987500
2019-08-07,871356.93579000,921405.53247000,863855.11044000,908797.00173000,69173.39035300
2019-08-08,908797.76064000,915245.46000000,874340.21100000,910674.54507000,51207.25717400
2019-08-09,910249.55547000,914158.70088000,887924.70000000,901584.32109000,39427.15258800
2019-08-10,901583.56218000,909553.63500000,855291.57000000,858274.84521000,42633.08704800
2019-08-11,858269.53284000,880335.60000000,843309.14001000,876538.77327000,26772.90691000
2019-08-12,875712.32028000,878657.64999000,852659.67012000,864859.90728000,17568.22707500
2019-08-13,865032.17985000,869419.43856000,818746.25895000,826658.65461000,33234.72968000
2019-08-14,826707.98376000,827020.65468000,753453.43710000,762732.62967000,54451.84749900
2019-08-15,763096.14756000,793819.86000000,752155.70100000,781216.64163000,38174.45112000
2019-08-16,781432.17207000,799589.85273000,739937.25000000,784070.90214000,51758.14291800
2019-08-17,784041.30465000,794209.93974000,758910.00000000,775303.97382000,29000.58120100
2019-08-18,775306.25055000,796855.50000000,764981.28000000,782191.84098000,24085.39517200
2019-08-19,782145.54747000,829488.63000000,778535.41260000,828391.24614000,37243.31921700
2019-08-20,828329.77443000,831003.41436000,801408.96000000,816625.86441000,32298.92167900
2019-08-21,816625.86441000,819936.22983000,748133.47800000,769729.77987000,47355.71928200
2019-08-22,769596.97062000,777275.62200000,740847.94200000,766489.99308000,34059.64273800
2019-08-23,766491.51090000,792681.49500000,760411.88289000,788473.33905000,27550.33617300
2019-08-24,788367.85056000,790740.20322000,750561.99000000,769105.95585000,27692.45684400
2019-08-25,769125.68751000,784181.70300000,751849.86027000,769738.88679000,26271.65739800
2019-08-26,769738.88679000,804748.16400000,769377.64563000,787160.42475000,41687.51159900
2019-08-27,787262.87760000,788589.45228000,762786.51228000,772953.62955000,28402.77538300
2019-08-28,773002.19979000,781601.40900000,728630.24991000,737736.41100000,42110.55537500
2019-08-29,737736.41100000,737964.08400000,707304.12000000,720846.11004000,35532.69491000
2019-08-30,720889.36791000,735839.13600000,709611.96531000,727380.32514000,26834.31810400
2019-08-31,727245.23916000,734967.14841000,714950.13825000,727602.68577000,17130.29007400
2019-09-01,727699.06734000,746008.53000000,722482.32000000,738038.45718000,19545.40484300
2019-09-02,737932.96869000,793060.95000000,737091.33750000,784712.94000000,44740.24809300
2019-09-03,784712.94000000,817573.74300000,779552.35200000,805604.21448000,47998.37678100
2019-09-04,805343.90835000,819546.90900000,786981.32199000,801941.71482000,43943.88902600
2019-09-05,801858.23472000,827211.90000000,793060.95000000,801749.71059000,33970.96063900
2019-09-06,801646.49883000,827657.38017000,770293.65000000,781580.91843000,58799.64095900
2019-09-07,781579.40061000,801257.17800000,780809.86587000,793507.18908000,27637.87739200
2019-09-08,793508.70690000,803875.41750000,774695.32800000,787838.13138000,23984.67201800
2019-09-09,787842.68484000,795337.68000000,764108.53350000,781914.07992000,39835.72760800
2019-09-10,781873.09878000,788127.27609000,755343.12300000,766358.70165000,28915.41222500
2019-09-11,766361.73729000,781146.06300000,749803.08000000,770925.82203000,31953.82456200
2019-09-12,770957.69625000,792970.63971000,761945.64000000,790405.52391000,34511.16275500
2019-09-13,790405.52391000,792226.14900000,770521.32300000,784869.27546000,30280.33977600
2019-09-14,785026.36983000,790783.46109000,775782.84603000,784335.00282000,23621.53351900
2019-09-15,784167.28371000,786230.76000000,778045.91565000,781829.84091000,18047.65401300
2019-09-16,781930.77594000,785851.30500000,764829.49800000,777982.16721000,28971.40165700
2019-09-17,777858.46488000,779780.02500000,768624.80691000,773163.84762000,22914.32456300
2019-09-18,773138.04468000,778491.39582000,766499.10000000,770824.12809000,24250.24930300
2019-09-19,770780.11131000,783574.57500000,732575.82300000,777449.41239000,44826.28257900
2019-09-20,777404.63670000,780235.37100000,763568.94849000,771704.46369000,25088.49106900
2019-09-21,771653.61672000,772319.93970000,751320.90000000,757877.12349000,20544.17519600
2019-09-22,757783.01865000,765664.29900000,747827.63727000,761100.97317000,22049.27525600
2019-09-23,761038.74255000,762703.79109000,729750.40107000,736313.45475000,31937.23235600
2019-09-24,736309.66020000,743351.58609000,591949.80000000,644552.88774000,94007.34520300
2019-09-25,644887.56705000,662528.43000000,623493.13524000,639764.92455000,60783.89225800
2019-09-26,639764.92455000,642492.44709000,588155.25000000,611964.53343000,67930.85374900
2019-09-27,611946.31959000,627239.11500000,595907.51565000,620629.76781000,43882.92462500
2019-09-28,620596.37577000,631033.66500000,607210.72119000,622215.88971000,34473.60516500
2019-09-29,622259.14758000,624516.90483000,598779.99000000,610453.54362000,31544.21138800
2019-09-30,610394.34864000,632722.99866000,585119.61000000,629086.30194000,55865.48726000
2019-10-01,629134.11327000,645073.50000000,620260.93755000,629321.56404000,43472.41809100
2019-10-02,629339.01897000,635504.40381000,618604.23702000,634444.20654000,26243.38664400
2019-10-03,634448.76000000,636953.16300000,611681.46000000,624124.54836000,30488.28405800
2019-10-04,624160.21713000,624765.82731000,607507.45500000,617534.93283000,26476.33040400
2019-10-05,617531.89719000,621047.16831000,608113.06518000,616704.68529000,21907.61556400
2019-10-06,616807.89705000,618805.34817000,590811.43500000,596066.88675000,34676.10404900
2019-10-07,596146.57230000,629889.22872000,589065.94200000,621554.12019000,52202.07229700
2019-10-08,621609.52062000,631792.57500000,613863.32625000,619907.28549000,35452.65742300
2019-10-09,620089.42389000,657974.97000000,615855.46500000,649683.11934000,55038.70437800
2019-10-10,649790.12565000,656001.80400000,638586.33732000,649477.45473000,39137.94616700
2019-10-11,649461.51762000,666285.79341000,623245.73058000,626745.82350000,50405.28441800
2019-10-12,626704.08345000,637484.40000000,626100.75000000,629902.13019000,21339.33409800
2019-10-13,630045.56418000,641382.92067000,619270.56000000,627998.78391000,27840.73995300
2019-10-14,628016.23884000,636638.21535000,622533.87300000,633553.24620000,29810.66325300
2019-10-15,633451.55226000,637712.07300000,613958.19000000,619216.67739000,32773.06247600
2019-10-16,619217.43630000,620876.41356000,600829.04700000,606501.14034000,34733.59396600
2019-10-17,606750.06282000,616608.30372000,601742.01573000,612484.38678000,29656.94915800
2019-10-18,612494.25261000,615855.46500000,593164.81491000,603106.53591000,31353.18141600
2019-10-19,603097.42899000,614572.90710000,597028.42572000,603182.42691000,26627.88938800
2019-10-20,603323.58417000,629667.62700000,597262.17000000,624078.25485000,34286.45265400
2019-10-21,624078.25485000,632399.70300000,617906.79873000,622099.01757000,30448.67953900
2019-10-22,622099.77648000,629742.75909000,607128.00000000,608645.82000000,34651.82866300
2019-10-23,608650.37346000,610739.65269000,554004.30000000,566649.25842000,63897.45709800
2019-10-24,566789.65677000,569461.77888000,556887.39909000,562535.20731000,32714.38326500
2019-10-25,562535.20731000,667764.90900000,558633.65100000,656838.12282000,90748.21817400
2019-10-26,656903.38908000,786989.67000000,642825.60858000,700473.93000000,162588.58541300
2019-10-27,700473.93000000,743350.82718000,688660.73694000,723235.91763000,93833.54160400
2019-10-28,723106.90293000,751480.27110000,695161.56000000,698587.27974000,80174.21732300
2019-10-29,698534.91495000,724759.05000000,688483.15200000,713953.68942000,64158.46244600
2019-10-30,713953.68942000,714122.16744000,683095.64991000,694760.85552000,55241.78643400
2019-10-31,694707.73182000,713754.85500000,676416.48300000,693708.24735000,54376.02490200
2019-11-01,693709.00626000,704192.58900000,685295.73000000,700596.11451000,43594.81411500
2019-11-02,700580.17740000,711382.50234000,697150.66311000,704990.96232000,28923.06082800
2019-11-03,705016.00635000,710534.79987000,688038.43074000,697795.73661000,27894.37827900
2019-11-04,697928.54586000,722002.68888000,691810.21344000,712870.72485000,45894.45627700
2019-11-05,712798.62840000,717545.61045000,696357.60216000,706443.51606000,45935.87366500
2019-11-06,706372.93743000,716480.10081000,701992.50891000,708749.84355000,37336.17037200
2019-11-07,708758.19156000,711478.12500000,690683.99100000,699426.63420000,39117.47085300
2019-11-08,699259.67400000,702826.55100000,659948.13600000,665847.14343000,62107.28924300
2019-11-09,665847.90234000,673912.08000000,662139.86808000,668554.93431000,29469.48140500
2019-11-10,668537.47938000,694189.39629000,664046.25000000,686014.41777000,34422.02979700
2019-11-11,686066.78256000,688507.43712000,654080.24388000,662776.59357000,44888.05354500
2019-11-12,662783.42376000,674519.20800000,650203.73160000,669505.84854000,40366.62947100
2019-11-13,669503.57181000,671255.13609000,660403.48200000,666104.41392000,26810.11691800
2019-11-14,666136.28814000,667840.80000000,651342.09660000,656205.19188000,33468.46896100
2019-11-15,656182.42458000,667081.89000000,637484.40000000,642928.06143000,46087.41775100
2019-11-16,642919.71342000,648336.81300000,637484.40000000,644391.99882000,20902.29975200
2019-11-17,644370.74934000,655318.78500000,633741.45588000,645255.63840000,27009.03708200
2019-11-18,645291.30717000,645340.63632000,611681.46000000,621332.51847000,43017.69094000
2019-11-19,621281.67150000,623720.04933000,607355.67300000,617270.07324000,43556.06102500
2019-11-20,617284.49253000,627185.23239000,610042.21440000,614566.07691000,32466.23098000
2019-11-21,614607.81696000,617352.79443000,569182.50000000,578876.81634000,58418.78026100
2019-11-22,578880.61089000,588155.25000000,515299.89000000,551593.24293000,126603.14025900
2019-11-23,551593.24293000,557379.93168000,537309.03891000,554882.35887000,50449.89475500
2019-11-24,554846.69010000,556310.62749000,520688.15100000,523896.82248000,67890.20648300
2019-11-25,523665.35493000,559900.27179000,494429.86500000,539552.37687000,119645.73519700
2019-11-26,539584.25109000,557039.94000000,532563.57468000,543086.62074000,65722.39769000
2019-11-27,542981.13225000,580945.60500000,519094.44000000,569829.09132000,92452.87349000
2019-11-28,569782.03890000,580034.91300000,558557.76000000,563072.51559000,56933.98110900
2019-11-29,562998.90132000,595744.35000000,558732.30930000,587372.05488000,60745.30087300
2019-11-30,587471.47209000,592708.71000000,564704.93100000,572361.57399000,46989.43361900
2019-12-01,572265.95133000,572358.53835000,547174.11000000,560902.03299000,60769.34231300
2019-12-02,560948.32650000,563153.71896000,542704.13010000,553570.20348000,46330.25604000
2019-12-03,553580.82822000,561593.40000000,549553.29285000,553451.05461000,33149.47748700
2019-12-04,553451.05461000,588155.25000000,536321.69700000,545984.13912000,83147.14914200
2019-12-05,546004.62969000,568044.13500000,542620.65000000,560758.59900000,59306.67885500
2019-12-06,560758.59900000,576014.96673000,554383.75500000,571267.22577000,48189.08794400
2019-12-07,571292.26980000,578260.58142000,566917.91256000,568287.74511000,31498.68417300
2019-12-08,568219.44321000,574039.52400000,559685.50026000,569949.75801000,29856.89763100
2019-12-09,569949.75801000,580566.15000000,551955.24300000,556936.72824000,46621.88749300
2019-12-10,556936.72824000,562170.17160000,543159.47610000,548246.44983000,49723.76214000
2019-12-11,548247.96765000,552144.97050000,540773.46306000,547174.11000000,30093.09194400
2019-12-12,547174.11000000,553624.84500000,537331.04730000,546269.48928000,42288.60093200
2019-12-13,546245.20416000,554691.11355000,545713.96716000,550853.30568000,27609.87379500
2019-12-14,550769.06667000,551861.89707000,532147.69200000,536097.81855000,29561.98596700
2019-12-15,536104.64874000,546437.96730000,531870.68985000,540236.91369000,26395.77813700
2019-12-16,540313.56360000,542620.65000000,518790.87600000,523019.52252000,43863.99305900
2019-12-17,522998.27304000,526851.25911000,497844.96000000,502688.32362000,53865.06992900
2019-12-18,502689.84144000,564629.04000000,488358.58500000,552321.79653000,95636.65125100
2019-12-19,552321.79653000,560075.58000000,534144.38421000,542643.41730000,55509.04907500
2019-12-20,542720.06721000,547933.02000000,537270.33450000,545491.60653000,32132.06920500
2019-12-21,545505.26691000,545700.30678000,539205.55500000,541311.53025000,19467.17402800
2019-12-22,541223.49669000,570589.51914000,540531.37077000,569291.78304000,39137.45515000
2019-12-23,569236.38261000,584010.08358000,551411.86344000,555301.27719000,68051.99720300
2019-12-24,555317.21430000,564377.08188000,543154.92264000,550647.64107000,43629.49418800
2019-12-25,550647.64107000,551861.89707000,541016.31426000,546766.57533000,27492.04432300
2019-12-26,546795.41391000,564249.58500000,543160.99392000,546566.98200000,36259.76107600
2019-12-27,546566.98200000,552172.29126000,537036.59022000,550569.47334000,33642.70186100
2019-12-28,550571.75007000,558937.97391000,549349.90497000,555229.18074000,26848.98219900
2019-12-29,555169.98576000,571341.59895000,553093.60800000,560700.92184000,31387.10608500
2019-12-30,560715.34113000,562218.74184000,547933.02000000,549906.18600000,29605.91178200
2019-12-31,549906.18600000,555522.12000000,542241.95391000,546053.19993000,25954.45353300
2020-01-01,546053.95884000,550589.20500000,544529.30865000,546479.70735000,16792.38816500
2020-01-02,546473.63607000,547363.83750000,525525.44334000,528634.69761000,31951.48393200
2020-01-03,528618.00159000,561972.85500000,521450.09664000,557416.35936000,68428.50045100
2020-01-04,557419.39500000,561896.96400000,551895.28911000,558110.76201000,29987.97497700
2020-01-05,558116.83329000,568803.04500000,555370.33800000,558462.89625000,38331.08560400
2020-01-06,558378.65724000,591596.14794000,557552.96316000,588762.37800000,54635.69531600
2020-01-07,588830.67990000,622889.04288000,586160.07561000,618153.44448000,91171.68466100
2020-01-08,618202.01472000,641658.40500000,597262.17000000,611376.37818000,112622.64264000
2020-01-09,611280.75552000,611374.86036000,588155.25000000,593297.62416000,64239.51983000
2020-01-10,593296.10634000,622230.30900000,582235.75200000,622080.04482000,82406.77744800
2020-01-11,622219.68426000,628858.62894000,607367.81556000,608646.57891000,54810.03266700
2020-01-12,608646.57891000,622078.52700000,604092.36000000,621166.31718000,38131.49433600
2020-01-13,621165.55827000,622002.63600000,611369.54799000,615501.81294000,31159.75568300
2020-01-14,615501.81294000,673912.08000000,615137.53614000,668600.46891000,120399.12674200
2020-01-15,668951.84424000,676680.58368000,649930.52400000,669465.62631000,84816.29760600
2020-01-16,669359.37891000,672379.84071000,651600.12600000,661770.27891000,51991.07428400
2020-01-17,661780.90365000,686179.86015000,658160.14404000,676437.73248000,70897.73737700
2020-01-18,676436.97357000,682175.09208000,668324.98458000,676641.12036000,38294.74654500
2020-01-19,676575.09519000,698119.79118000,642493.20600000,660380.71470000,70676.88925900
2020-01-20,660382.23252000,663817.81809000,646688.46048000,655876.58385000,38896.63974600
2020-01-21,655876.58385000,667005.99900000,644162.80800000,662986.05273000,36494.68765900
2020-01-22,662986.81164000,669206.83800000,651903.69000000,658912.98276000,29080.55713800
2020-01-23,658944.09807000,659630.15271000,630380.24349000,637827.42732000,48165.94459700
2020-01-24,637827.42732000,647199.96582000,625190.05800000,640444.14900000,41687.52952900
2020-01-25,640443.39009000,641374.57266000,626472.61590000,632974.95678000,25521.15793200
2020-01-26,632931.69891000,654038.50383000,629414.15106000,653800.96500000,31130.48516400
2020-01-27,653754.67149000,683019.00000000,647729.68500000,676004.39487000,53973.54299600
2020-01-28,676004.39487000,713375.40000000,672576.39840000,711418.17111000,74584.85376500
2020-01-29,711503.92794000,717112.27284000,699411.45600000,705902.41323000,53864.06512200
2020-01-30,705905.44887000,726883.99800000,698534.15604000,721967.02011000,60626.74425900
2020-01-31,721838.76432000,723257.92602000,698956.86891000,709800.17499000,45552.02235200
2020-02-01,709710.62361000,718272.64623000,704344.37100000,712207.43751000,28578.06735400
2020-02-02,712192.25931000,719221.28373000,692125.92000000,708177.62541000,45690.91254000
2020-02-03,708183.69669000,729979.59189000,700777.49400000,705197.38584000,50892.13345100
2020-02-04,705129.84285000,709580.85000000,690077.62191000,697971.04482000,53308.17526600
2020-02-05,697971.04482000,739516.05495000,696468.40302000,729467.32764000,64870.41561500
2020-02-06,729466.56873000,748480.29987000,722964.22785000,741606.85200000,64949.70658800
2020-02-07,741606.85200000,750182.53500000,738419.43000000,744773.78343000,43966.11463200
2020-02-08,744784.40817000,754356.54000000,733646.64501000,750945.23955000,43600.84366600
2020-02-09,750944.48064000,771507.90600000,749859.99825000,770426.45925000,43408.47561600
2020-02-10,770424.18252000,773177.50800000,740392.59600000,747665.23053000,59573.08461900
2020-02-11,747658.40034000,783467.56869000,736142.70000000,775839.76428000,62422.39522400
2020-02-12,775839.76428000,793060.95000000,775839.76428000,783685.37586000,61008.06393000
2020-02-13,783599.61903000,796855.50000000,764981.28000000,776336.85033000,79344.35875900
2020-02-14,776196.45198000,787866.96996000,767361.98067000,785043.82476000,47038.48017300
2020-02-15,785043.82476000,787369.12500000,743807.69100000,751679.10552000,57657.20294700
2020-02-16,751659.37386000,762704.55000000,731446.56492000,752631.53757000,60023.99953700
2020-02-17,752132.93370000,756190.06656000,717372.57897000,736598.04600000,70261.01190100
2020-02-18,736598.04600000,777882.75000000,726732.97491000,771410.00661000,70604.12401900
2020-02-19,771415.31898000,777882.75000000,709580.85000000,728082.31689000,55162.58689500
2020-02-20,728147.58315000,736066.80900000,713375.40000000,728281.91022000,60152.34291400
2020-02-21,728341.86411000,740355.40941000,724774.98711000,734401.00155000,42181.55452400
2020-02-22,734401.00155000,736838.62047000,725519.47782000,732413.41626000,24636.75762300
2020-02-23,732412.65735000,758151.09000000,731968.69500000,754083.33240000,37702.08984300
2020-02-24,754083.33240000,758151.09000000,718957.94196000,732813.36183000,55796.59612000
2020-02-25,732767.06832000,734245.42500000,701991.75000000,706988.41344000,54379.34455200
2020-02-26,707036.98368000,711663.29904000,655214.81433000,666721.40775000,92130.34548200
2020-02-27,666778.32600000,680876.59707000,647426.12100000,669602.23011000,72483.57876200
2020-02-28,669605.26575000,675429.90000000,640899.49500000,659713.63281000,71155.20897700
2020-02-29,659553.50280000,667081.89000000,646860.73305000,646865.28651000,36748.18303500
2020-03-01,646865.28651000,664046.25000000,638319.20100000,647492.90508000,43892.20177900
2020-03-02,647372.99730000,680419.73325000,644921.71800000,676586.47884000,60401.31773000
2020-03-03,676278.36138000,676921.15815000,656533.04100000,664810.47237000,55154.99728200
2020-03-04,664810.47237000,671505.57639000,657216.06000000,664112.27517000,38696.48257800
2020-03-05,664121.38209000,695117.54322000,663783.66714000,687168.71988000,58201.86635500
2020-03-06,687165.68424000,695920.47000000,681918.58050000,693027.50508000,43782.94804400
2020-03-07,692952.37299000,697286.50800000,670496.98500000,674417.51406000,45422.20452500
2020-03-08,674310.50775000,674425.10316000,607128.00000000,609655.92921000,77537.31516600
2020-03-09,609765.97116000,620736.01521000,579200.87091000,601805.76417000,116968.86326800
2020-03-10,601805.76417000,618435.75900000,586486.40691000,599126.05296000,86783.44387500
2020-03-11,599126.81187000,605610.18000000,576012.69000000,602158.65732000,79942.41117200
2020-03-12,602163.21078000,604560.60747000,334679.31000000,364276.80000000,261505.60865300
2020-03-13,364277.55891000,451930.90500000,287029.62783000,423365.53260000,402201.67376400
2020-03-14,423172.01055000,428064.70332000,383638.87083000,392512.80546000,136910.13597400
2020-03-15,392544.67968000,450792.54000000,386520.45210000,406874.41830000,139916.14653400
2020-03-16,406800.80403000,407187.08922000,337116.92892000,381653.56227000,227276.92276000
2020-03-17,381645.21426000,419297.77500000,373493.76195000,403181.56224000,150089.92631800
2020-03-18,403181.56224000,412556.37747000,380166.09867000,409283.19864000,137127.63489400
2020-03-19,409299.89466000,485702.40000000,398619.75423000,467668.42167000,199020.87343900
2020-03-20,467644.13655000,523647.90000000,430301.97000000,471158.64876000,219298.32951400
2020-03-21,470871.02187000,490026.66918000,444722.77782000,469536.09918000,128913.66836300
2020-03-22,469540.65264000,486299.66217000,435159.75291000,441396.47529000,119115.99052700
2020-03-23,441385.85055000,500880.60000000,431668.00800000,490810.62321000,164674.21578500
2020-03-24,490654.28775000,518563.20300000,483526.60503000,511863.54552000,151138.00987800
2020-03-25,511861.26879000,528046.54236000,489496.95000000,506756.84013000,132155.73498900
2020-03-26,506756.08122000,514540.98000000,494050.41000000,511304.98776000,83026.55521100
2020-03-27,511298.15757000,519290.99769000,475153.55100000,482599.21701000,82914.96835400
2020-03-28,482599.21701000,482666.76000000,457167.38400000,473305.60515000,93159.69342900
2020-03-29,473305.60515000,475533.00600000,445219.10496000,446346.84522000,63311.62771400
2020-03-30,446277.02550000,500804.70900000,444551.26416000,485275.89258000,118889.54999200
2020-03-31,485281.20495000,495054.44793000,479737.36740000,486494.70204000,72337.59525900
2020-04-01,486623.71674000,506947.32654000,466737.99801000,504137.84172000,97500.75240000
2020-04-02,504171.23376000,546263.41800000,497161.94100000,515610.28419000,149299.90687100
2020-04-03,515592.82926000,534879.76800000,501039.97110000,511057.58310000,104080.27693900
2020-04-04,510971.82627000,530509.20531000,504675.90891000,520383.82809000,72990.86113900
2020-04-05,520415.70231000,523309.42614000,506763.67032000,513993.04698000,49685.35698300
2020-04-06,513993.04698000,558188.92974000,513402.61500000,556273.44090000,118052.00083200
2020-04-07,556273.44090000,566123.33379000,537080.60700000,546211.81212000,103585.16891800
2020-04-08,546211.81212000,563111.22000000,542620.65000000,558654.90048000,76059.14583800
2020-04-09,558577.49166000,559462.38072000,539439.29928000,552755.13414000,61094.87241700
2020-04-10,552755.13414000,553681.76325000,511503.82218000,520530.29772000,104674.62337500
2020-04-11,520530.29772000,527009.87130000,513023.16000000,521889.50553000,45470.29320600
2020-04-12,521890.26444000,544669.70700000,514540.98000000,523935.52689000,73868.66650100
2020-04-13,523935.52689000,523935.52689000,498983.32500000,518935.82781000,96415.47657300
2020-04-14,518945.69364000,529567.39800000,512589.06348000,521272.51170000,69068.62328500
2020-04-15,521262.64587000,526152.30300000,501260.05500000,502492.52484000,61571.38499400
2020-04-16,502493.28375000,545656.29000000,490883.47857000,538973.32854000,125009.85753900
2020-04-17,538977.12309000,542477.97492000,529186.42518000,533327.79705000,54126.50976300
2020-04-18,533269.36098000,553479.13428000,532329.83040000,550103.50260000,49488.54281900
2020-04-19,550103.50260000,551435.38965000,535456.53960000,540400.07934000,45664.86393000
2020-04-20,540450.16740000,547933.02000000,512340.14100000,518094.95553000,90149.49137000
2020-04-21,518258.12118000,526683.54000000,513174.94200000,519198.41067000,60109.71080800
2020-04-22,519197.65176000,543104.83458000,517424.83800000,540733.99974000,61486.37733400
2020-04-23,540732.48192000,587244.55800000,532754.82000000,567846.05949000,102773.56956100
2020-04-24,567965.20836000,577982.82036000,560682.70800000,569561.95500000,60182.11993900
2020-04-25,569561.95500000,584740.15500000,563951.33337000,572117.20497000,43874.42772600
2020-04-26,572144.52573000,584360.70000000,567664.68000000,583837.05210000,50522.61620900
2020-04-27,583837.05210000,591344.18982000,577226.94600000,590023.68642000,65441.33957600
2020-04-28,589939.44741000,590431.98000000,581258.27592000,587318.93118000,46302.75263800
2020-04-29,587288.57478000,679443.77499000,585123.40455000,666214.45587000,183546.88751400
2020-04-30,666215.21478000,717928.86000000,637560.29100000,654180.42000000,206277.21412400
2020-05-01,654180.42000000,687510.22938000,653691.68196000,669886.82136000,91468.81505900
2020-05-02,669788.92197000,683777.91000000,664273.92300000,680897.84655000,59002.08755000
2020-05-03,680938.06878000,698197.20000000,661162.39200000,674986.69656000,90126.06564300
2020-05-04,674985.93765000,679224.45000000,646743.10200000,673301.91636000,84418.51233100
2020-05-05,673298.88072000,692018.15478000,664805.16000000,684675.70053000,76480.76534200
2020-05-06,684640.03176000,712995.94500000,675901.18311000,693865.34172000,105925.30242000
2020-05-07,693901.76940000,763994.69700000,684612.71100000,757877.88240000,147154.61137800
2020-05-08,757870.29330000,761639.04036000,736522.15500000,743732.55891000,100683.79640000
2020-05-09,743733.31782000,752402.34675000,722482.32000000,723954.60540000,81950.67956700
2020-05-10,723931.83810000,726643.42353000,616007.24700000,661979.73807000,183865.18202800
2020-05-11,661979.73807000,695768.68800000,622306.20000000,649742.31432000,168807.25183200
2020-05-12,649781.77764000,681369.12966000,647257.64298000,668659.66389000,86522.78006600
2020-05-13,668674.84209000,713223.61800000,667308.80409000,706497.39867000,92466.27401800
2020-05-14,706495.88085000,754280.64900000,702504.77316000,743123.15418000,129565.37747000
2020-05-15,743122.39527000,747193.94742000,694402.65000000,707032.43022000,115890.76151600
2020-05-16,706997.52036000,727642.90800000,699715.02000000,711953.96157000,59587.62786200
2020-05-17,711919.05171000,750410.20800000,707463.49110000,734627.91564000,68647.76432300
2020-05-18,734709.11901000,755115.45000000,718249.87893000,738717.68163000,82006.60358300
2020-05-19,738717.68163000,751109.16411000,718991.33400000,741874.74723000,78539.76045400
2020-05-20,741844.39083000,746919.22200000,707759.46600000,721831.93413000,74923.73809000
2020-05-21,721831.93413000,726919.66677000,668979.16500000,688228.91715000,108928.78096900
2020-05-22,688142.40141000,703585.46100000,677973.76632000,695920.47000000,58943.13102400
2020-05-23,695920.47000000,706382.04435000,688331.37000000,696614.87265000,43526.29696600
2020-05-24,696604.24791000,705634.51800000,660251.70000000,661795.32294000,70379.86645000
2020-05-25,661628.36274000,681475.37706000,655904.66352000,675456.46185000,62833.91094900
2020-05-26,675456.46185000,684359.99397000,660251.70000000,670965.99138000,58299.77013800
2020-05-27,670952.33100000,700094.47500000,668731.00143000,698506.07637000,68910.35551400
2020-05-28,698506.07637000,730486.54377000,691367.01000000,726723.86799000,74110.78766200
2020-05-29,726722.35017000,728952.78666000,708063.03000000,715429.76937000,57374.36296100
2020-05-30,715394.10060000,739178.34000000,708156.37593000,735969.66852000,55665.27254000
2020-05-31,735969.66852000,736142.70000000,711964.58631000,717038.65857000,48333.78640300
2020-06-01,717038.65857000,787748.58000000,715019.95797000,774146.63607000,76649.12696000
2020-06-02,774293.86461000,776288.28009000,703206.00600000,722333.57364000,108970.77315100
2020-06-03,722332.05582000,735383.79000000,710735.15211000,733580.61984000,46252.64493900
2020-06-04,733586.69112000,749926.78233000,717169.95000000,742901.55246000,57456.10096900
2020-06-05,742831.73274000,747886.83225000,727111.67100000,730159.45356000,47788.05005000
2020-06-06,730160.21247000,738798.88500000,723320.91555000,733585.17330000,32752.95089300
2020-06-07,733626.91335000,743883.58200000,711285.36186000,739708.81809000,57952.84838500
2020-06-08,739708.81809000,743731.80000000,731058.00300000,742366.52091000,40664.66412500
2020-06-09,742365.76200000,749575.40700000,726276.87000000,741639.48513000,46024.00128900
2020-06-10,741640.24404000,758357.51352000,736459.92438000,750182.53500000,47130.76298200
2020-06-11,750199.23102000,756177.92400000,691594.68300000,704298.83640000,94418.98473000
2020-06-12,704183.48208000,725299.39392000,700664.41641000,718318.18083000,50119.06693200
2020-06-13,718305.27936000,720564.55443000,709656.74100000,718941.24594000,27759.78485100
2020-06-14,718941.24594000,719521.81209000,701612.29500000,708981.31110000,30055.50660800
2020-06-15,708981.31110000,720585.04500000,676222.96095000,715350.08382000,86107.92470700
2020-06-16,715352.36055000,727718.79900000,711333.17319000,722906.55069000,52052.44692700
2020-06-17,723011.28027000,725897.41500000,700975.56951000,718318.93974000,48046.41115200
2020-06-18,718318.18083000,720129.69900000,704268.48000000,712337.21112000,37381.95376500
2020-06-19,712337.21112000,716282.02530000,699395.51889000,706562.66493000,45330.98367300
2020-06-20,706562.66493000,712995.94500000,695992.56645000,710260.07445000,30329.06538400
2020-06-21,710260.07445000,715045.00200000,704385.35214000,705383.31879000,24316.92623400
2020-06-22,705383.31879000,742213.98000000,704047.63719000,735056.69979000,57895.46834300
2020-06-23,735056.69979000,737660.52000000,726810.38373000,730442.52699000,41031.02938000
2020-06-24,730400.02803000,733865.97000000,698804.32800000,705519.92259000,61571.56146400
2020-06-25,705659.56203000,708821.94000000,683754.38379000,701953.04559000,55831.61915600
2020-06-26,701953.04559000,705634.51800000,686468.24595000,695329.27911000,50292.29827700
2020-06-27,695329.27911000,697911.84984000,670345.20300000,683929.69200000,46290.93011300
2020-06-28,683929.69200000,697514.18100000,679077.22146000,691848.91785000,30688.17642100
2020-06-29,691834.49856000,701081.05800000,684891.23097000,697632.57096000,42120.29326100
2020-06-30,697660.65063000,698576.65500000,687943.56699000,693533.69805000,31463.16280100
2020-07-01,693498.02928000,705179.17200000,689097.86910000,700625.71200000,38488.52869900
2020-07-02,700624.95309000,702899.40636000,678465.54000000,689586.60714000,45725.16807600
2020-07-03,689586.60714000,692505.37500000,685862.63577000,687440.40966000,28943.42017700
2020-07-04,687404.74089000,697438.29000000,686057.67564000,693299.19486000,26441.96848400
2020-07-05,693264.28500000,694041.40884000,674900.93973000,688286.59431000,34073.65362700
2020-07-06,688286.59431000,711478.12500000,687262.82472000,709140.68220000,54463.13227700
2020-07-07,709009.39077000,711813.56322000,698424.87300000,702552.58449000,34587.33667800
2020-07-08,702553.34340000,718687.77000000,700549.82100000,716112.02946000,56140.51778100
2020-07-09,716112.02946000,716470.99389000,695161.56000000,700658.34513000,48044.45064500
2020-07-10,700657.58622000,707112.87468000,692505.37500000,704901.41094000,38295.49400600
2020-07-11,704901.41094000,705731.65848000,696546.57075000,700779.77073000,22561.36600000
2020-07-12,700779.01182000,709201.39500000,694971.83250000,705995.00025000,30872.70228600
2020-07-13,706037.49921000,709111.84362000,698264.74299000,701431.67442000,42740.06911500
2020-07-14,701430.91551000,704233.57014000,691594.68300000,702435.71235000,45772.55250900
2020-07-15,702435.71235000,704002.10259000,695204.81787000,698015.06160000,39053.57966500
2020-07-16,698015.06160000,700181.74965000,686604.84975000,693167.14452000,43375.57119100
2020-07-17,693167.14452000,697197.71553000,689834.77071000,694730.49912000,28054.35874100
2020-07-18,694729.74021000,699661.89630000,692209.40010000,695941.71948000,22554.54145700
2020-07-19,695943.23730000,700646.20257000,690710.55285000,698879.46009000,26052.01941700
2020-07-20,698879.46009000,699830.37432000,692960.72100000,695220.75498000,35458.76408200
2020-07-21,695220.75498000,716238.76743000,694615.14480000,712616.49000000,60413.58248600
2020-07-22,712616.49000000,724303.70400000,702826.55100000,722342.68056000,48815.00410700
2020-07-23,722342.68056000,733410.62400000,716436.08403000,728801.76357000,51856.23350000
2020-07-24,728801.76357000,731361.56700000,718189.92504000,723833.17980000,43931.13620500
2020-07-25,723855.94710000,738639.51390000,721951.08300000,736174.57422000,40679.54541600
2020-07-26,736174.57422000,767333.90100000,732348.15000000,753714.50214000,65279.26931900
2020-07-27,753714.50214000,864767.32026000,752626.98411000,837074.69436000,150188.93314400
2020-07-28,837074.69436000,853184.07693000,801788.41500000,827687.73657000,97267.73418700
2020-07-29,827687.73657000,860817.95262000,820533.49200000,842430.32223000,76838.09423300
2020-07-30,842429.56332000,847702.47000000,821975.42100000,842360.50251000,60794.82645600
2020-07-31,842374.16289000,868496.60400000,831765.36000000,860259.39486000,70063.66097400
2020-08-01,860259.39486000,900143.15100000,851497.02000000,895602.59247000,85087.48512600
2020-08-02,895602.59247000,920061.50286000,798259.48350000,840215.82285000,97553.07760400
2020-08-03,840216.58176000,870697.44300000,829943.97600000,851482.60071000,56931.84147500
2020-08-04,851472.73488000,866294.24718000,834801.00000000,849369.79527000,58629.11370900
2020-08-05,849371.31309000,894066.55863000,841858.86300000,891332.96481000,74970.25685200
2020-08-06,891332.96481000,903102.90000000,877489.68750000,892664.85186000,63529.08502000
2020-08-07,892665.61077000,903857.25654000,859237.90200000,879897.70893000,65755.92602200
2020-08-08,879907.57476000,896141.41857000,873657.19200000,892585.16631000,41858.16104000
2020-08-09,892555.56882000,895294.47501000,874413.82527000,886534.37688000,41493.06734200
2020-08-10,886535.13579000,915803.25885000,868951.95000000,902565.59172000,84952.33788700
2020-08-11,902564.07390000,905759.08500000,844287.37500000,864556.34328000,90748.28463400
2020-08-12,864557.10219000,881665.21032000,846184.65000000,877628.56803000,64909.61364400
2020-08-13,877629.32694000,894979.52736000,855318.89076000,893995.98000000,70132.49150200
2020-08-14,893978.52507000,899308.35000000,882918.17073000,892519.14114000,59818.85269700
2020-08-15,892519.90005000,909174.18000000,886406.88000000,899490.48840000,56237.90505000
2020-08-16,899490.48840000,905510.16252000,886862.22600000,903937.70100000,41368.23690600
2020-08-17,903936.94209000,946208.98800000,893220.37398000,932027.23683000,84734.21154000
2020-08-18,932028.75465000,940120.25307000,896874.52563000,906518.75391000,75923.83552700
2020-08-19,906525.58410000,912215.89128000,877375.85100000,892067.58969000,73940.16960600
2020-08-20,892051.65258000,902192.20800000,885496.18800000,899577.76305000,46085.25435100
2020-08-21,899577.00414000,901433.29800000,871669.60671000,875124.92394000,64448.30614200
2020-08-22,875116.57593000,886862.22600000,863397.48771000,885113.69736000,43678.70164600
2020-08-23,885155.43741000,889296.05037000,873818.83983000,883988.23383000,37900.00469000
2020-08-24,883987.47492000,897403.48590000,879204.06519000,891582.64620000,46212.39186700
2020-08-25,891581.88729000,893073.90435000,843728.81724000,858966.21222000,69590.92327200
2020-08-26,858966.21222000,875730.53412000,853318.40400000,869819.38413000,53998.23123100
2020-08-27,869818.62522000,879743.65020000,844287.37500000,859873.86858000,63246.03638300
2020-08-28,859873.86858000,875983.25115000,855814.45899000,874788.72681000,45953.90836500
2020-08-29,874787.96790000,878819.29782000,866450.58264000,870154.06344000,32973.79920000
2020-08-30,870154.06344000,889366.62900000,869559.07800000,888771.64356000,43177.87905400
2020-08-31,888772.40247000,895572.23607000,878058.87000000,884092.96341000,55353.61774400
2020-09-01,884092.96341000,914551.05735000,873884.86500000,904770.22527000,78148.19366800
2020-09-02,904770.22527000,907244.27187000,846951.14910000,864287.68914000,87221.84560200
2020-09-03,864287.68914000,869908.17660000,755935.07280000,769599.24735000,121950.10601500
2020-09-04,769404.96639000,806497.45155000,749461.57050000,792776.35875000,92733.59911300
2020-09-05,792776.35875000,801840.02088000,745629.07500000,771560.27079000,90001.60556800
2020-09-06,771560.27079000,785254.80174000,758519.92026000,778353.27420000,56368.78881500
2020-09-07,778329.74799000,790082.22825000,749423.62500000,787250.73504000,62620.23067600
2020-09-08,787251.49395000,792150.25800000,747526.35000000,768521.59515000,73491.87841800
2020-09-09,768522.35406000,784940.61300000,757468.82991000,775545.30720000,49347.11377600
2020-09-10,775552.13739000,795591.91485000,764285.35953000,784475.40117000,58253.75375000
2020-09-11,784474.64226000,789084.26160000,774088.20000000,788347.35999000,43830.25446700
2020-09-12,788347.35999000,795183.62127000,779343.65175000,792371.85972000,35379.15309600
2020-09-13,792352.88697000,802935.12801000,774088.20000000,784168.80153000,43837.60986500
2020-09-14,784169.56044000,815828.25000000,775024.69494000,809891.29707000,67059.29136100
2020-09-15,809891.29707000,829491.66564000,804936.37368000,818507.96121000,61822.45278600
2020-09-16,818501.88993000,841858.86300000,809090.64702000,831310.77291000,64991.51244000
2020-09-17,831310.77291000,838251.00486000,815511.78453000,830246.78109000,55601.61452900
2020-09-18,830247.54000000,837687.13473000,820597.24044000,829745.90049000,47266.72827500
2020-09-19,829746.65940000,848445.44289000,826253.39667000,840921.60915000,38440.03685800
2020-09-20,840920.85024000,840920.85024000,813779.19300000,828750.96948000,39157.92256500
2020-09-21,828750.96948000,833955.57426000,781400.29785000,790573.24302000,70683.43117900
2020-09-22,790573.24302000,802373.53461000,785699.52300000,799102.63251000,43991.23547600
2020-09-23,799102.63251000,799674.85065000,769293.40662000,777234.64086000,51876.56807900
2020-09-24,777234.64086000,819261.55884000,773399.86863000,814790.06112000,57676.61942700
2020-09-25,814790.82003000,816627.38223000,801123.60984000,811022.07297000,48101.11700800
2020-09-26,811014.48387000,821211.95754000,807835.40988000,814204.18260000,28420.83665900
2020-09-27,814203.42369000,819546.90900000,804051.48462000,817668.60675000,30549.48325300
2020-09-28,817669.36566000,831006.45000000,806417.76600000,811739.24292000,50095.25173400
2020-09-29,811738.48401000,824748.47814000,807166.81017000,822694.86768000,41874.89839900
2020-09-30,822702.45678000,823367.26194000,809387.38083000,817846.19169000,39596.02732200
2020-10-01,817846.19169000,828729.72000000,792074.36700000,805896.39483000,60866.33289300
2020-10-02,805896.39483000,809350.19424000,787293.23400000,802198.22640000,50130.39370500
2020-10-03,802198.22640000,804714.77196000,796586.84586000,800047.47546000,22298.22134100
2020-10-04,800048.23437000,811796.16117000,798211.67217000,809501.21733000,23212.00159500
2020-10-05,809500.45842000,819471.01800000,805631.53524000,819031.60911000,34025.76165300
2020-10-06,819030.85020000,819622.80000000,798752.77500000,804418.79706000,48674.74047100
2020-10-07,804418.03815000,810657.79617000,800359.38747000,809483.00349000,32811.99027900
2020-10-08,809483.76240000,831006.45000000,799163.34531000,829152.43287000,51959.69157200
2020-10-09,829142.56704000,842742.23424000,821823.63900000,838644.12024000,48240.07323700
2020-10-10,838644.12024000,872063.48100000,838634.25441000,857053.75902000,43648.03694300
2020-10-11,857053.75902000,868572.49500000,851572.91100000,862806.29682000,29043.85133900
2020-10-12,862806.29682000,889443.27891000,847854.25200000,874890.42075000,52825.28371000
2020-10-13,874889.66184000,877072.28700000,857568.30000000,866717.71896000,42205.28370900
2020-10-14,866718.47787000,876387.75018000,856050.48000000,866515.08999000,41415.10601500
2020-10-15,866515.08999000,881651.54994000,853836.73953000,873135.06192000,48760.71767900
2020-10-16,873135.82083000,875869.41465000,849979.20000000,859034.51412000,48797.74950200
2020-10-17,859028.44284000,865341.05622000,854153.20500000,862136.93820000,22368.91524100
2020-10-18,862145.28621000,873125.95500000,861075.98202000,872984.79774000,23284.04119100
2020-10-19,872984.79774000,897334.42509000,865761.49236000,891830.80977000,47414.53469200
2020-10-20,891830.05086000,913604.69658000,886223.98269000,903861.05109000,62134.75066300
2020-10-21,903861.81000000,1003102.95288000,902112.52245000,969959.83536000,114584.45676700
2020-10-22,969943.89825000,1000622.83500000,962152.16928000,984193.95132000,70038.82414400
2020-10-23,984218.23644000,988684.42179000,965339.59128000,980744.70537000,50386.99984100
2020-10-24,980743.94646000,999236.30643000,976717.17000000,995062.30143000,35952.20907000
2020-10-25,995062.30143000,1013144.85000000,978083.20800000,988770.93753000,38481.57950400
2020-10-26,988832.40924000,1004706.52971000,968748.61500000,990543.75129000,60951.67298600
2020-10-27,990540.71565000,1046483.00739000,988090.95417000,1034862.57747000,80796.55399600
2020-10-28,1034861.81856000,1051809.79668000,978083.20800000,1006800.36240000,94440.56122600
2020-10-29,1006800.36240000,1035374.08281000,980570.15607000,1021166.52870000,74872.60213200
2020-10-30,1021165.76979000,1037428.45218000,995310.46500000,1029089.54910000,70657.77888100
2020-10-31,1029089.54910000,1070063.10000000,1017812.14650000,1046612.78100000,67339.23851500
2020-11-01,1046612.78100000,1054505.44500000,1032345.27300000,1044373.99650000,36285.64852600
2020-11-02,1044373.23759000,1049572.53000000,1001385.53955000,1028275.23867000,64566.42190800
2020-11-03,1028294.97033000,1067491.15401000,1008211.17609000,1064259.71523000,74115.63078700
2020-11-04,1064259.71523000,1082129.76900000,1026425.77500000,1073403.06291000,93016.98826200
2020-11-05,1073403.06291000,1195283.25000000,1069574.36196000,1183142.20782000,143741.52267300
2020-11-06,1183142.20782000,1211220.36000000,1150962.90600000,1182375.70872000,122618.19769500
2020-11-07,1182376.46763000,1195550.38632000,1088597.20002000,1124575.60530000,101431.20655300
2020-11-08,1124575.60530000,1187694.15000000,1115892.15708000,1174420.81410000,65547.17857400
2020-11-09,1174420.81410000,1202113.44000000,1123607.23614000,1163288.36331000,108976.33413400
2020-11-10,1163288.36331000,1173274.86000000,1143864.06186000,1160920.56411000,61681.91960600
2020-11-11,1160920.56411000,1211599.81500000,1159058.95788000,1190292.65784000,78469.74645800
2020-11-12,1190293.41675000,1240112.06370000,1171805.61024000,1236405.54726000,102196.35659200
2020-11-13,1236404.78835000,1250683.68000000,1210639.79385000,1238594.24370000,75691.88101400
2020-11-14,1238544.15564000,1239071.59809000,1189211.97000000,1219602.52095000,59116.34717900
2020-11-15,1219534.97796000,1227916.38000000,1197159.27552000,1210992.68700000,43596.84151300
2020-11-16,1210992.68700000,1281040.08000000,1203934.82400000,1268409.54087000,81300.67592400
2020-11-17,1268372.35428000,1355323.70862000,1255085.35800000,1340188.00758000,115221.40310200
2020-11-18,1340188.00758000,1402232.69463000,1306421.82495000,1349047.52292000,149019.78813400
2020-11-19,1349171.22525000,1379683.20180000,1315619.81415000,1351073.81262000,93009.56100800
2020-11-20,1351073.05371000,1427905.86102000,1346309.37564000,1415797.45197000,88423.01848900
2020-11-21,1415796.69306000,1439341.11690000,1389456.44478000,1419450.08580000,75577.45839400
2020-11-22,1419450.08580000,1422956.25000000,1336505.77626000,1397489.50713000,81645.73777800
2020-11-23,1397447.76708000,1424170.50600000,1366038.00000000,1393965.88800000,82961.50609300
2020-11-24,1393966.64691000,1473725.05227000,1367404.03800000,1454072.31891000,113581.50924100
2020-11-25,1454071.56000000,1478676.18111000,1404003.99057000,1420611.97701000,93266.57688700
2020-11-26,1420590.72753000,1435480.54173000,1228523.50800000,1301490.42777000,181005.24669300
2020-11-27,1301490.42777000,1324876.23942000,1247502.32928000,1300735.31232000,85297.02478700
2020-11-28,1300736.07123000,1356968.26659000,1279944.21396000,1344777.13635000,64910.69997000
2020-11-29,1344776.37744000,1393362.55455000,1329382.64700000,1380077.07609000,55329.01630300
2020-11-30,1380077.83500000,1507435.07556000,1380077.07609000,1494739.27017000,115463.46688800
2020-12-01,1494739.27017000,1509320.20800000,1366122.99792000,1424091.57936000,127698.76265200
2020-12-02,1424091.57936000,1467883.72200000,1391082.03000000,1457417.59419000,75911.01347800
2020-12-03,1457416.83528000,1487311.81800000,1431850.67520000,1473947.41290000,66689.39127900
2020-12-04,1473980.80494000,1481923.55700000,1408939.94121000,1415406.61332000,71283.66820000
2020-12-05,1415405.85441000,1455361.70700000,1403983.50000000,1453135.06506000,42922.74857300
2020-12-06,1453135.06506000,1473803.22000000,1431076.58700000,1469204.22540000,37043.09186100
2020-12-07,1469148.82497000,1473872.28081000,1434558.46608000,1454595.20790000,41372.29629300
2020-12-08,1454595.20790000,1464304.70244000,1381216.20000000,1390635.03201000,61626.94761400
2020-12-09,1390635.03201000,1414575.60687000,1339476.15000000,1407116.28048000,79585.55380100
2020-12-10,1407117.03939000,1408333.57212000,1359292.80792000,1385362.12533000,52890.67509400
2020-12-11,1385375.78571000,1388253.57243000,1333581.69603000,1368810.29823000,72610.72425900
2020-12-12,1368810.29823000,1438032.75606000,1367608.94370000,1427410.29279000,49519.97843200
2020-12-13,1427410.29279000,1473120.20100000,1420005.60792000,1455209.16609000,56560.82174400
2020-12-14,1455209.16609000,1468414.95900000,1441929.00000000,1462657.86774000,47257.20129400
2020-12-15,1462699.60779000,1485186.87000000,1445723.55000000,1474291.19913000,61834.36601100
2020-12-16,1474291.19913000,1636209.96000000,1463072.23260000,1619173.94832000,114306.33557000
2020-12-17,1619173.94832000,1806205.80000000,1611165.93000000,1730099.26956000,184882.47674800
2020-12-18,1730098.51065000,1767135.59538000,1696163.85000000,1753642.93449000,79646.13431500
2020-12-19,1753642.93449000,1834397.02977000,1726520.25000000,1807845.80451000,86045.06467700
2020-12-20,1807845.04560000,1843771.84500000,1750046.46000000,1780062.86832000,76690.14568500
2020-12-21,1780064.38614000,1829183.31807000,1655562.16500000,1724221.51161000,88030.29724300
2020-12-22,1724234.41308000,1809021.35610000,1696421.87940000,1807024.66389000,87033.12616000
2020-12-23,1807024.66389000,1828973.10000000,1715136.60000000,1763157.38916000,119047.25973300
2020-12-24,1763129.30949000,1805783.08713000,1722985.24722000,1800832.71720000,69013.83425200
2020-12-25,1800816.78009000,1881327.26526000,1778399.33760000,1875454.06077000,79519.94356900
2020-12-26,1875454.06077000,2038965.77373000,1859329.50000000,2010609.86049000,97806.51338600
2020-12-27,2010610.61940000,2156974.00200000,1950398.70000000,1994541.45906000,148455.58621400
2020-12-28,1994532.35214000,2087002.50000000,1980830.99100000,2055083.50431000,79721.74249600
2020-12-29,2055084.26322000,2080172.31000000,1964059.08000000,2078275.03500000,69411.59260600
2020-12-30,2078275.03500000,2200535.43600000,2073342.12000000,2191393.60614000,95356.05782600
2020-12-31,2191394.36505000,2223606.30000000,2113564.35000000,2195043.20433000,75508.50515200
2021-01-01,2195043.20433000,2246373.60000000,2172347.24187000,2226011.28579000,54182.92501100
2021-01-02,2226012.04470000,2527170.30000000,2196781.10823000,2442045.64203000,129993.87336200
2021-01-03,2441902.96695000,2639345.54601000,2425703.27409000,2504406.79455000,120957.56675000
2021-01-04,2504406.79455000,2549937.60000000,2134813.83000000,2427655.19061000,140899.88569000
2021-01-05,2427734.11725000,2607614.76000000,2269140.90000000,2576463.78123000,116049.99703800
2021-01-06,2576463.78123000,2803353.58611000,2526259.60800000,2790463.49976000,127139.20131000
2021-01-07,2790463.49976000,3063340.21500000,2754843.30000000,2992555.16148000,132825.70043700
2021-01-08,2992570.33968000,3183627.45000000,2770021.50000000,3079870.03371000,139789.95749900
2021-01-09,3080184.98136000,3140369.58000000,2938499.52000000,3042335.10402000,75785.97967500
2021-01-10,3042335.10402000,3138092.85000000,2664617.24901000,2895243.16782000,118209.54450300
2021-01-11,2895243.16782000,2903949.38334000,2308604.22000000,2686880.63277000,249131.53994300
2021-01-12,2687328.38967000,2779735.54800000,2468810.12100000,2584182.65484000,133948.15199600
2021-01-13,2584024.04265000,2872474.35000000,2457350.58000000,2836151.39958000,124477.91493800
2021-01-14,2836151.39958000,3043229.10000000,2785293.04593000,2970715.24950000,102950.38942100
2021-01-15,2970769.13211000,3016497.25416000,2611257.52800000,2788403.81802000,118300.92091600
2021-01-16,2788040.30013000,2880063.45000000,2683338.79980000,2731695.02718000,86348.43150800
2021-01-17,2731695.02718000,2796773.07750000,2568910.35000000,2719069.04151000,80157.72738400
2021-01-18,2718794.31609000,2843622.86853000,2641006.80000000,2779983.71157000,70698.11875000
2021-01-19,2779315.11186000,2872474.35000000,2720241.55746000,2723841.06759000,79611.30776900
2021-01-20,2724634.12854000,2763594.29121000,2534759.40000000,2691719.44293000,89368.42291800
2021-01-21,2691719.44293000,2701719.60000000,2282118.26100000,2341247.21583000,131803.18292600
2021-01-22,2341388.37309000,2567129.18823000,2189455.35000000,2500241.89647000,142971.68404900
2021-01-23,2500608.45000000,2539009.29600000,2382230.63256000,2434431.49800000,64595.28767500
2021-01-24,2434431.49800000,2509791.26100000,2345031.90000000,2448236.07090000,57978.03796600
2021-01-25,2448201.91995000,2646698.62500000,2421681.81000000,2447803.49220000,88499.22692100
2021-01-26,2447802.73329000,2498474.39508000,2340278.84667000,2464011.53307000,84972.20691000
2021-01-27,2463726.18291000,2470805.29539000,2219183.37252000,2304517.48965000,95911.96171100
2021-01-28,2304216.96129000,2563900.02618000,2264746.81110000,2532092.59026000,92621.14561700
2021-01-29,2532344.54838000,2924224.42290000,2422091.62140000,2599433.71020000,231827.00562600
2021-01-30,2598984.43548000,2651100.30300000,2491122.07500000,2600244.22608000,84889.68134000
2021-01-31,2600244.98499000,2606301.08679000,2441540.20797000,2511459.34518000,68742.28038400
2021-02-01,2511458.58627000,2634728.33757000,2450987.87856000,2544349.74567000,82718.27688200
2021-02-02,2543645.47719000,2730886.78803000,2536125.43800000,2691568.41984000,78056.65988000
2021-02-03,2692059.43461000,2858254.65333000,2683686.38058000,2854933.66317000,80784.33366300
2021-02-04,2855039.15166000,2937609.31857000,2744366.54745000,2803160.06406000,92080.73589800
2021-02-05,2803159.30515000,2907393.31692000,2775333.87000000,2905884.60384000,66681.33427500
2021-02-06,2905814.78412000,3108154.60941000,2900245.90254000,2973936.06354000,98757.31118300
2021-02-07,2973486.02991000,3012872.70000000,2834604.74100000,2944243.70979000,84363.67976300
2021-02-08,2944243.70979000,3551277.60495000,2883014.85099000,3519435.25917000,138597.53691400
2021-02-09,3519434.50026000,3653558.94129000,3412142.08119000,3522892.09422000,115499.86171200
2021-02-10,3522892.09422000,3590403.21000000,3318485.75700000,3400492.05378000,97154.18220000
2021-02-11,3400492.05378000,3694290.39990000,3338750.17182000,3640454.08341000,89561.08145400
2021-02-12,3640389.57606000,3717581.34780000,3500472.37500000,3588703.25160000,85870.03569700
2021-02-13,3589503.90165000,3654151.65000000,3506356.20423000,3578540.68779000,63768.09739900
2021-02-14,3578775.19098000,3772346.57013000,3567952.37547000,3686617.06089000,73735.47553300
2021-02-15,3686820.44877000,3719487.72972000,3458412.82389000,3636021.29010000,79398.15678400
2021-02-16,3636021.29010000,3846852.55938000,3567151.72542000,3728786.65395000,88813.26629800
2021-02-17,3728786.65395000,3993288.79734000,3714636.77700000,3955416.91161000,85743.63781800
2021-02-18,3955262.09397000,3986554.23000000,3862996.09290000,3912378.36660000,60758.04695400
2021-02-19,3912379.12551000,4277823.88800000,3848447.78820000,4242762.24600000,79659.77802000
2021-02-20,4242762.24600000,4378945.60986000,4087787.51163000,4237843.75029000,80948.20531400
2021-02-21,4237843.75029000,4428452.34480000,4210249.78269000,4356793.78587000,58166.70851100
2021-02-22,4357080.65385000,4364375.29677000,3614081.20200000,4104767.36397000,134019.43494400
2021-02-23,4104767.36397000,4112046.82869000,3406941.27096000,3710386.88100000,169375.02505100
2021-02-24,3710386.88100000,3898899.36609000,3566018.67279000,3769976.49420000,91881.20925200
2021-02-25,3769977.25311000,3949498.93143000,3542162.33694000,3572472.44343000,83310.67312100
2021-02-26,3572472.44343000,3674954.13201000,3347307.64098000,3511997.94117000,109423.20066300
2021-02-27,3511998.70008000,3672669.05400000,3415095.00000000,3499063.07913000,66060.83429200
2021-02-28,3498853.61997000,3539439.36786000,3263313.00000000,3425390.37306000,83055.36904200
2021-03-01,3425272.74201000,3778612.89000000,3411340.67223000,3763209.29373000,85086.11164800
2021-03-02,3763871.82216000,3809728.20000000,3570489.41160000,3676209.36915000,64221.06214000
2021-03-03,3675902.76951000,3994902.24000000,3650410.98261000,3821064.03867000,81035.91370500
2021-03-04,3821064.03867000,3929171.52708000,3604822.50000000,3671158.06419000,82649.71682900
2021-03-05,3671158.06419000,3752728.74663000,3513753.30000000,3699816.02361000,78192.49637200
2021-03-06,3699444.15771000,3733837.20000000,3572189.37000000,3709719.04020000,44399.23424200
2021-03-07,3709719.04020000,3904594.22673000,3709719.04020000,3868297.07925000,55235.02803200
2021-03-08,3867337.81701000,3976899.37698000,3739503.98097000,3974804.02647000,66987.35966400
2021-03-09,3974804.78538000,4166036.44500000,3930350.11431000,4165239.58950000,71656.73707600
2021-03-10,4164493.58097000,4355209.18179000,4022602.45500000,4238633.01669000,84749.23894300
2021-03-11,4238633.01669000,4413061.65000000,4118818.58262000,4384462.88556000,81914.81285900
2021-03-12,4384462.12665000,4407863.87541000,4171184.89044000,4342613.55252000,73405.40604700
2021-03-13,4342613.55252000,4693403.00400000,4255832.95293000,4643648.10549000,83245.09134600
2021-03-14,4643647.34658000,4684356.03789000,4475047.90098000,4475164.01421000,52601.05275000
2021-03-15,4475753.68728000,4601531.63613000,4143648.60000000,4219934.23320000,102771.42729800
2021-03-16,4219934.23320000,4321103.76639000,4042815.26394000,4318254.81825000,77986.69435500
2021-03-17,4318254.05934000,4475651.23443000,4107500.95779000,4470964.20627000,70421.62084100
2021-03-18,4470964.20627000,4563323.55327000,4327532.49300000,4374976.51056000,66580.40667500
2021-03-19,4374433.13100000,4513085.98800000,4270442.72934000,4403955.48891000,52392.65296100
2021-03-20,4403955.48891000,4544353.08000000,4388030.52147000,4409440.13148000,44476.94177600
2021-03-21,4409268.61782000,4446385.38810000,4208164.29801000,4352467.23996000,48564.47027400
2021-03-22,4352467.23996000,4434366.53043000,4071552.15000000,4104431.92575000,62581.62616900
2021-03-23,4104431.92575000,4237062.83190000,4022223.00000000,4123984.48299000,59789.36542700
2021-03-24,4124129.43480000,4340965.20000000,3923564.70000000,3969376.30215000,83537.46502100
2021-03-25,3969377.06106000,4044003.71700000,3826997.95596000,3892736.25798000,87400.53453800
2021-03-26,3892736.25798000,4179579.95286000,3886727.20860000,4175947.05069000,63813.77469200
2021-03-27,4175947.05069000,4303047.02076000,4094319.45000000,4236018.57174000,50105.47505500
2021-03-28,4236018.57174000,4292375.98725000,4150618.42944000,4233020.11833000,39050.38751100
2021-03-29,4233021.63615000,4432476.08562000,4158827.55891000,4374013.45377000,67857.93739800
2021-03-30,4374012.69486000,4505496.88800000,4331201.82285000,4458335.94387000,55122.44312200
2021-03-31,4458335.94387000,4538281.80000000,4308256.17900000,4457879.08005000,60975.54266600
2021-04-01,4457796.35886000,4514755.59000000,4396779.23595000,4456352.91204000,47415.61722000
2021-04-02,4456353.67095000,4568638.20000000,4434202.60587000,4473775.20891000,47382.41878100
2021-04-03,4473775.20891000,4537653.42252000,4316680.08000000,4329728.77854000,47409.85211300
2021-04-04,4329729.53745000,4439080.87935000,4279341.70800000,4417008.74091000,41314.08197300
2021-04-05,4417008.74091000,4498211.35200000,4308921.74307000,4487434.07109000,54258.01579000
2021-04-06,4487434.07109000,4515153.25884000,4357131.50082000,4401006.36465000,54201.00072700
2021-04-07,4400921.36673000,4451386.60500000,4209901.44300000,4246363.27395000,71228.40565900
2021-04-08,4246362.51504000,4413312.84921000,4227128.70000000,4407561.07032000,44283.14701900
2021-04-09,4407561.07032000,4469592.85590000,4375419.71400000,4412495.50314000,40831.88491100
2021-04-10,4412496.26205000,4667296.50000000,4394089.65891000,4535939.04483000,69906.42411700
2021-04-11,4535939.04483000,4606507.80900000,4495215.17532000,4553644.41513000,41156.71539100
2021-04-12,4553368.93080000,4652118.30000000,4504175.62569000,4542835.26000000,56375.03711700
2021-04-13,4542836.01891000,4840158.74307000,4538672.63865000,4824770.32500000,82848.68874600
2021-04-14,4824771.08391000,4921834.91400000,4652194.19100000,4778061.69123000,82616.34399300
2021-04-15,4778061.69123000,4841845.80000000,4706759.82000000,4793274.04218000,51649.70034000
2021-04-16,4793179.93734000,4820642.61351000,4553460.00000000,4654759.30680000,91764.13988400
2021-04-17,4654760.06571000,4743646.64055000,4521654.84081000,4553965.43406000,58912.25612800
2021-04-18,4553966.19297000,4591329.60900000,3865227.28830000,4261280.40891000,124882.13182400
2021-04-19,4261280.40891000,4365767.13771000,4114929.92778000,4222054.62774000,78229.04226700
2021-04-20,4222054.62774000,4331572.92984000,4047263.99436000,4282149.67500000,72744.48215100
2021-04-21,4282149.67500000,4307414.54781000,4062902.09382000,4081997.02833000,66984.75690900
2021-04-22,4081996.26942000,4213580.63868000,3832495.50000000,3922878.64536000,104656.63133700
2021-04-23,3922877.88645000,3956338.22835000,3604822.50000000,3879937.99974000,132230.78071900
2021-04-24,3878831.50896000,3883055.60202000,3692639.01174000,3798180.62544000,55361.51257300
2021-04-25,3798180.62544000,3837649.25781000,3561564.63000000,3723726.24207000,58255.64500400
2021-04-26,3723725.48316000,4125178.24842000,3699947.31504000,4098219.48849000,86310.80212400
2021-04-27,4098218.72958000,4208914.86000000,4039070.80200000,4174913.41527000,54064.03467500
2021-04-28,4174913.41527000,4282377.34800000,4083934.52556000,4162334.48202000,55130.45901500
2021-04-29,4162335.24093000,4188867.49344000,3971447.36754000,4064342.50500000,52486.01945500
2021-04-30,4064342.50500000,4398870.03300000,4023210.34191000,4378475.84457000,68578.91004500
2021-05-01,4378701.99975000,4436441.39037000,4322458.42074000,4386527.87967000,42600.35183600
2021-05-02,4386298.68885000,4394925.21882000,4252571.15775000,4293776.93511000,36812.87886300
2021-05-03,4293776.93511000,4476160.46304000,4282908.58500000,4338642.17649000,57649.93128600
2021-05-04,4338642.17649000,4340965.20000000,4025766.35079000,4037401.95891000,85324.62590300
2021-05-05,4037784.44955000,4406976.70962000,4014633.90000000,4358883.82401000,77263.92343900
2021-05-06,4358883.82401000,4428998.76000000,4189183.20000000,4279772.76888000,70181.67190800
2021-05-07,4279772.76888000,4451007.15000000,4192342.54233000,4349673.69225000,74542.74782900
2021-05-08,4349729.85159000,4515514.50000000,4318197.90000000,4467099.83655000,69709.90602800
2021-05-09,4467439.82823000,4500336.30000000,4267780.47306000,4419955.58844000,69806.11991000
2021-05-10,4419954.82953000,4515514.50000000,4052579.40000000,4235942.68074000,89586.34925000
2021-05-11,4235942.68074000,4315346.67513000,4126193.67000000,4300744.48782000,64329.54055000
2021-05-12,4300744.48782000,4401678.75891000,3688302.60000000,3766570.50612000,99842.78983600
2021-05-13,3759423.85065000,3898307.41629000,3490986.00000000,3769579.58427000,147332.00212100
2021-05-14,3769651.68072000,3907096.35300000,3703461.82725000,3782517.48195000,80082.20430600
2021-05-15,3782723.14656000,3847673.70000000,3533105.50500000,3548890.07409000,89437.44935900
2021-05-16,3548890.07409000,3779059.88799000,3325952.67249000,3523732.96650000,114269.81277500
2021-05-17,3523378.55553000,3543047.22600000,3187497.89100000,3304145.39364000,166657.17273600
2021-05-18,3304143.87582000,3475753.91739000,3206396.26782000,3251912.65398000,116979.86078400
2021-05-19,3251912.65398000,3307701.64590000,2276730.00000000,2784447.62019000,354347.24316100
2021-05-20,2783016.31593000,3221699.68797000,2644801.35000000,3075607.23624000,203017.59692300
2021-05-21,3075512.37249000,3202600.20000000,2541437.80800000,2827092.29091000,202100.88825800
2021-05-22,2827952.89485000,2946771.63900000,2671410.25242000,2842097.45943000,126542.24368900
2021-05-23,2842763.78241000,2904397.14024000,2361045.65991000,2630021.57775000,217136.04659300
2021-05-24,2632009.16304000,3029568.72000000,2582646.62100000,2944289.24439000,161630.89397100
2021-05-25,2945404.84209000,3019837.21707000,2763921.38142000,2908501.32552000,111996.22840400
2021-05-26,2908501.32552000,3099464.33100000,2868713.19204000,2978107.79181000,104780.77339600
2021-05-27,2978108.55072000,3066841.82574000,2818156.88457000,2924078.71218000,86547.15879400
2021-05-28,2924079.47109000,2950477.39653000,2632203.44400000,2706537.91959000,135377.62972000
2021-05-29,2706408.90489000,2833662.17478000,2552423.78916000,2626219.43865000,112663.09268900
2021-05-30,2626219.43865000,2769110.80800000,2533165.68900000,2704851.62157000,73535.38696700
2021-05-31,2704850.86266000,2845836.60900000,2591969.07144000,2827228.89471000,94160.73528900
2021-06-01,2827229.65362000,2875875.02571000,2706728.40600000,2784675.29319000,81234.66377000
2021-06-02,2784808.86135000,2900933.47500000,2726004.72000000,2851124.69388000,67587.37249500
2021-06-03,2851124.69388000,2995873.11600000,2820868.47000000,2978478.13989000,75889.10601100
2021-06-04,2978477.38098000,2981686.81137000,2698315.88865000,2794989.63900000,91317.79924500
2021-06-05,2795001.02265000,2878166.17500000,2641006.80000000,2695132.26120000,70459.62149000
2021-06-06,2695350.06837000,2768503.68000000,2673032.80200000,2716617.76221000,47650.20663700
2021-06-07,2716617.76221000,2800377.90000000,2527170.30000000,2546354.78589000,77574.95257300
2021-06-08,2546671.25136000,2585455.34691000,2352621.00000000,2533303.05171000,123251.18903700
2021-06-09,2533302.29280000,2848552.74789000,2458627.06662000,2837416.50255000,136607.59751700
2021-06-10,2837416.50255000,2921120.48100000,2715531.76200000,2783357.06652000,109527.28494300
2021-06-11,2783517.19653000,2859603.23640000,2727277.41207000,2833161.29418000,78466.00530000
2021-06-12,2833161.29418000,2843152.34433000,2625855.92076000,2697629.83401000,87717.54999000
2021-06-13,2697630.59292000,2988587.58000000,2637743.48700000,2961310.07787000,86921.02555500
2021-06-14,2961309.31896000,3116391.81855000,2939258.43000000,3074821.76439000,108522.39194900
2021-06-15,3074821.00548000,3136575.03000000,2998180.20240000,3046571.33964000,80679.62283800
2021-06-16,3046553.12580000,3075645.18174000,2892662.11491000,2910344.71791000,87771.97693700
2021-06-17,2910343.95900000,3002238.85308000,2835667.21500000,2890913.58627000,79541.30711900
2021-06-18,2890913.58627000,2899251.73044000,2665996.94739000,2718403.47744000,95228.04293500
2021-06-19,2718452.04768000,2766758.18700000,2641273.93632000,2692894.99452000,68712.44946100
2021-06-20,2692894.99452000,2742527.70852000,2529902.37600000,2701731.74256000,89878.17085000
2021-06-21,2701732.50147000,2713103.25000000,2371687.09593000,2398833.30663000,168778.87315900
2021-06-22,2399227.18092000,2527077.71298000,2186040.25500000,2467183.01796000,204208.17976200
2021-06-23,2467183.01796000,2647153.97100000,2404454.55300000,2555862.41037000,126966.10056300
2021-06-24,2555634.73737000,2678800.51800000,2450260.08387000,2630616.56319000,86625.80426000
2021-06-25,2630615.80428000,2694130.50000000,2373491.02500000,2396975.49495000,116061.13035600
2021-06-26,2396341.04619000,2483912.43000000,2288189.54100000,2450038.48215000,107820.37528700
2021-06-27,2450038.48215000,2637136.35900000,2426497.09395000,2633443.50294000,96613.24421100
2021-06-28,2633606.66859000,2678778.50961000,2569875.68352000,2617851.69699000,82222.26781900
2021-06-29,2617851.69699000,2777610.60000000,2597402.10813000,2725377.10143000,90788.79622000
2021-06-30,2725376.34252000,2739665.10000000,2581625.88705000,2659600.09500000,77152.19763400
2021-07-01,2659600.09500000,2660554.04487000,2482470.50100000,2542704.42879000,71708.26611200
2021-07-02,2542525.32603000,2578551.54264000,2481559.80900000,2564095.06605000,56172.18137800
2021-07-03,2564094.30714000,2652057.28851000,2528439.95643000,2631074.94483000,43044.57864100
2021-07-04,2631074.18592000,2729636.10435000,2607398.47065000,2677928.53041000,43703.47578900
2021-07-05,2678051.47383000,2678480.25798000,2513931.11505000,2556778.41474000,64123.87424500
2021-07-06,2556779.17365000,2665206.92208000,2544777.01200000,2596990.77891000,58210.59634900
2021-07-07,2596991.53782000,2660669.39919000,2563428.74307000,2569830.14892000,53807.52167500
2021-07-08,2569829.39001000,2574954.30924000,2434355.60700000,2494970.50761000,70136.48032000
2021-07-09,2494970.50761000,2587883.10000000,2448324.86337000,2566315.63671000,47153.93989900
2021-07-10,2566315.63671000,2600177.44200000,2504765.75898000,2542566.30717000,34761.17546800
2021-07-11,2542566.30717000,2630837.40600000,2527661.31477000,2599949.01009000,31572.64744800
2021-07-12,2599949.76900000,2631780.73113000,2478474.08094000,2510977.43733000,48181.40376200
2021-07-13,2511000.96354000,2530205.94000000,2443860.95475000,2483894.97507000,41126.36100800
2021-07-14,2483845.64592000,2513056.85073000,2394361.05000000,2490744.13782000,46777.82348400
2021-07-15,2490744.89673000,2518461.80775000,2362714.50300000,2419405.08000000,51639.57635300
2021-07-16,2418986.92059000,2447422.51938000,2354138.82000000,2381753.27817000,48499.86415400
2021-07-17,2381752.51926000,2425166.72472000,2365090.65021000,2392089.63237000,34012.24213200
2021-07-18,2392089.63237000,2461524.58500000,2360890.84227000,2411706.69696000,35923.71618600
2021-07-19,2411707.45587000,2420847.00900000,2307651.02904000,2340451.87815000,47340.46849900
2021-07-20,2340451.87815000,2357407.44537000,2221936.69800000,2260819.45185000,61034.04901700
2021-07-21,2260818.69294000,2493626.47800000,2237464.75551000,2439479.00841000,82796.26512800
2021-07-22,2439479.00841000,2473390.14285000,2406351.82800000,2450355.70653000,46148.09243300
2021-07-23,2450336.73378000,2553732.15000000,2422768.56912000,2552524.72419000,50112.86362600
2021-07-24,2552525.48310000,2618239.50000000,2534845.91574000,2599884.50274000,47977.55013800
2021-07-25,2600140.25541000,2686389.61800000,2568995.34792000,2685100.98882000,47852.92831300
2021-07-26,2685100.98882000,3077380.05000000,2671801.84998000,2825998.70160000,152452.51272400
2021-07-27,2826281.77503000,3000928.21551000,2761142.25300000,2994497.21217000,88397.26701500
2021-07-28,2994401.58951000,3103941.90000000,2942445.85200000,3037124.42796000,101344.52844100
2021-07-29,3037125.18687000,3084210.24000000,2974927.20000000,3036890.68368000,53998.43928300
2021-07-30,3037043.22459000,3211457.43861000,2907629.33793000,3203083.62567000,73602.78480500
2021-07-31,3203082.86676000,3221421.16800000,3111542.38365000,3146579.74053000,44849.79101200
2021-08-01,3146580.49944000,3232880.70900000,2991775.76091000,3023910.28704000,53953.18632600
2021-08-02,3024276.84057000,3072068.43891000,2936222.79000000,2970967.20762000,50837.35195400
2021-08-03,2970894.35226000,3018943.98000000,2856691.29873000,2899571.23155000,57117.43585300
2021-08-04,2899570.47264000,3033337.46706000,2846562.12696000,3014631.85338000,52329.35243000
2021-08-05,3014631.09447000,3138092.85000000,2833215.93570000,3101092.95186000,84343.75562100
2021-08-06,3101092.95186000,3293094.90513000,3024549.28926000,3250932.90117000,75753.94134700
2021-08-07,3250932.90117000,3392327.70000000,3221300.50131000,3382654.63314000,73396.74080800
2021-08-08,3382654.63314000,3438621.21000000,3283120.55100000,3323598.53367000,69329.09269800
2021-08-09,3323597.77476000,3525451.89765000,3246541.08900000,3510216.77940000,74587.88484500
2021-08-10,3509872.99317000,3544109.70000000,3383938.70886000,3459490.47609000,53814.64342100
2021-08-11,3459491.23500000,3547408.68177000,3440984.45574000,3453875.30100000,52734.90197700
2021-08-12,3453850.25697000,3507539.34492000,3321749.07000000,3369484.50900000,55266.10878100
2021-08-13,3369564.95346000,3634116.42600000,3355701.94449000,3627589.80000000,48239.37043100
2021-08-14,3627589.04109000,3653696.30400000,3488787.43773000,3572076.29241000,46114.35902200
2021-08-15,3572075.53350000,3595128.94257000,3453040.50000000,3564890.17362000,42110.71133400
2021-08-16,3564890.17362000,3646853.21253000,3465183.06000000,3483494.79939000,52480.57401400
2021-08-17,3483495.55830000,3579019.56000000,3367739.01600000,3392020.34145000,57039.34162900
2021-08-18,3392020.34145000,3490986.00000000,3354631.12248000,3392729.16339000,54099.41598500
2021-08-19,3392279.88867000,3569381.40300000,3333717.08070000,3548710.21242000,53411.75392000
2021-08-20,3548710.21242000,3747724.49409000,3538265.33409000,3743131.57077000,56850.35222800
2021-08-21,3743131.57077000,3776111.52264000,3659615.80200000,3705140.53617000,46745.13658400
2021-08-22,3705141.29508000,3756604.50000000,3646562.55000000,3736813.64502000,37007.88779500
2021-08-23,3736813.64502000,3832495.50000000,3720859.83900000,3755758.31535000,52462.54195400
2021-08-24,3755758.31535000,3783925.26000000,3612411.60000000,3618028.29291000,51014.59474800
2021-08-25,3618028.29291000,3738716.99130000,3576460.51548000,3716634.22812000,44655.83034200
2021-08-26,3716634.22812000,3745436.38044000,3509958.75000000,3555028.13817000,49371.27777400
2021-08-27,3555027.37926000,3730037.33763000,3517396.06800000,3723963.78090000,42068.10496500
2021-08-28,3723963.78090000,3741350.40900000,3669093.07008000,3710717.00685000,26681.06378600
2021-08-29,3710717.00685000,3766642.60257000,3624746.92314000,3701039.38653000,32652.28347300
2021-08-30,3701040.14544000,3710205.50151000,3555721.02300000,3565580.02281000,40288.35083000
2021-08-31,3565580.02281000,3661445.53401000,3544109.70000000,3574533.64299000,48645.52737000
2021-09-01,3574533.64299000,3730497.99600000,3529842.19200000,3704279.17332000,49904.65528000
2021-09-02,3704278.41441000,3828710.81583000,3687092.89746000,3737376.75624000,54410.77053800
2021-09-03,3737375.99733000,3870441.00000000,3666813.30444000,3794484.73374000,59025.64415700
2021-09-04,3794398.21800000,3835204.04979000,3746738.67000000,3788147.83524000,34664.65959000
2021-09-05,3788292.02814000,3938742.90000000,3752809.95000000,3927881.38008000,40544.83587300
2021-09-06,3927881.38008000,4005526.98000000,3868113.42303000,3996716.03490000,49249.66708100
2021-09-07,3996890.58420000,4016151.72000000,3251401.90755000,3556535.33343000,123048.80271900
2021-09-08,3556902.64587000,3592755.07209000,3370472.60982000,3494652.29421000,65069.31520000
2021-09-09,3494652.29421000,3597231.12327000,3454033.15428000,3520973.56974000,50651.66002000
2021-09-10,3520973.56974000,3569381.40300000,3349243.62039000,3403780.41081000,49048.26618000
2021-09-11,3403119.40020000,3490069.99563000,3394013.99802000,3428276.50779000,30440.40810000
2021-09-12,3428275.74888000,3525895.86000000,3395519.67546000,3492901.48884000,32094.28052000
2021-09-13,3492900.72993000,3557770.08000000,3291392.67000000,3410596.94043000,65429.15056000
2021-09-14,3410596.18152000,3585849.75000000,3384316.64604000,3575340.36432000,44855.85099000
2021-09-15,3574715.02248000,3680713.50000000,3542767.94712000,3651981.92631000,43204.71174000
2021-09-16,3651981.16740000,3685039.28700000,3568478.30010000,3622870.89762000,40725.08895000
2021-09-17,3622870.13871000,3654151.65000000,3544076.30796000,3589642.78218000,34461.92776000
2021-09-18,3589642.78218000,3706759.29120000,3569575.68396000,3664984.33134000,30906.47038000
2021-09-19,3664985.09025000,3671062.44153000,3553913.29938000,3585223.64925000,29847.24349000
2021-09-20,3585223.64925000,3593230.14975000,3225367.50000000,3264498.41742000,78003.52444300
2021-09-21,3264575.82624000,3311807.34900000,3005283.60000000,3091372.83258000,84534.08048500
2021-09-22,3091350.82419000,3339245.74005000,3078548.01249000,3304568.10651000,58349.05542000
2021-09-23,3304777.56567000,3413425.39800000,3268556.30919000,3404869.44666000,48699.57655000
2021-09-24,3404869.44666000,3430273.20000000,3086866.42500000,3248936.96787000,84113.42629200
2021-09-25,3248937.72678000,3260796.45444000,3160577.83548000,3238317.54024000,33594.57189000
2021-09-26,3238316.78133000,3335409.45000000,3092558.25000000,3275523.86190000,49879.99765000
2021-09-27,3275523.86190000,3365765.85000000,3194859.31800000,3198604.53885000,39776.84383000
2021-09-28,3198604.53885000,3247177.05558000,3103031.20800000,3113545.14714000,43372.26240000
2021-09-29,3113429.03391000,3232197.69000000,3092852.70708000,3151319.13348000,33511.53487000
2021-09-30,3151319.89239000,3349932.71067000,3142659.21147000,3325854.77310000,46381.22781000
2021-10-01,3325544.37891000,3680334.04500000,3284792.42973000,3653514.92451000,66244.87492000
2021-10-02,3653514.16560000,3668312.15169000,3599523.79038000,3615060.19590000,30508.98131000
2021-10-03,3615059.43699000,3735968.21928000,3573555.40800000,3657946.95891000,30825.05601000
2021-10-04,3657946.95891000,3759345.68292000,3558604.88100000,3735729.92154000,46796.49372000
2021-10-05,3735729.16263000,3937703.19330000,3720358.95840000,3906260.79309000,52125.66793000
2021-10-06,3906260.79309000,4230923.25000000,3823571.47731000,4197910.66500000,79877.54518100
2021-10-07,4197910.66500000,4199224.33821000,4049316.08700000,4081814.13102000,54917.37766000
2021-10-08,4081814.13102000,4257485.10000000,4069094.04051000,4094427.97413000,46160.25785000
2021-10-09,4094749.75197000,4211115.69900000,4072437.79797000,4170189.20052000,55177.08013000
2021-10-10,4170189.20052000,4292494.37721000,4104185.28000000,4148126.16900000,89237.83612800
2021-10-11,4148126.92791000,4389462.58464000,4129613.31846000,4361558.22285000,52933.16575100
2021-10-12,4361558.22285000,4377392.88000000,4088931.18900000,4249663.01463000,53471.28550000
2021-10-13,4249661.49681000,4384754.30700000,4110802.21629000,4353638.99700000,55808.44492000
2021-10-14,4353929.65953000,4442092.99314000,4311978.63255000,4352192.51454000,43053.33678100
2021-10-15,4352192.51454000,4776048.30300000,4314403.35000000,4680381.62622000,82512.90802200
2021-10-16,4680381.62622000,4733960.67222000,4564843.65000000,4619907.88287000,35467.88096000
2021-10-17,4619907.88287000,4683870.33549000,4474761.03300000,4669446.49203000,39099.24124000
2021-10-18,4669445.73312000,4758045.43998000,4541655.15495000,4705988.76744000,51798.44844000
2021-10-19,4705666.98960000,4893907.02600000,4653804.59802000,4878318.25569000,53628.10774400
2021-10-20,4878318.25569000,5084697.00000000,4817666.92740000,5008913.00631000,51428.93485600
2021-10-21,5008912.24740000,5057356.50834000,4705242.00000000,4719900.34665000,68538.64537000
2021-10-22,4719900.34665000,4836714.80949000,4553460.00000000,4605689.70402000,52119.35886000
2021-10-23,4605690.46293000,4686090.14724000,4520231.12565000,4651112.74425000,27626.93678000
2021-10-24,4651112.74425000,4667296.50000000,4516321.22133000,4618135.82802000,31226.57676000
2021-10-25,4618135.82802000,4835063.42133000,4602789.15000000,4787111.69298000,36853.83806000
2021-10-26,4787111.69298000,4803405.49068000,4539613.68705000,4578413.71971000,40217.50083000
2021-10-27,4578413.71971000,4666992.93600000,4401678.00000000,4433054.37504000,62124.49016000
2021-10-28,4433054.37504000,4743111.60900000,4388017.62000000,4597164.86799000,61056.35301000
2021-10-29,4597165.62690000,4779615.18000000,4566726.50571000,4724496.30561000,43973.90414000
2021-10-30,4724495.54670000,4732505.84175000,4604534.64300000,4694555.78829000,31478.12566000
2021-10-31,4694555.78829000,4736000.62230000,4549313.31576000,4652103.12180000,39267.63794000
2021-11-01,4652103.88071000,4738462.52634000,4508304.85500000,4622605.04901000,44687.66672000
2021-11-02,4622605.80792000,4877514.57000000,4600867.58988000,4797828.26109000,46368.28410000
2021-11-03,4797872.27787000,4819078.50000000,4582508.03916000,4773276.76368000,43336.09049000
2021-11-04,4773277.52259000,4787683.15221000,4604838.96591000,4659328.70391000,35930.93314000
2021-11-05,4659328.70391000,4750451.78652000,4608177.41100000,4624578.97392000,31604.48749000
2021-11-06,4624811.20038000,4671887.14659000,4557254.55000000,4665066.06351000,25590.57408000
2021-11-07,4665066.82242000,4802864.38785000,4653847.09698000,4801896.01869000,25515.68830000
2021-11-08,4801895.25978000,5144574.99900000,4801895.25978000,5124602.76453000,54442.09455400
2021-11-09,5124602.00562000,5200373.85675000,5025684.15840000,5080724.86506000,44661.37806800
2021-11-10,5080725.62397000,5236479.00000000,4767692.70390000,4923992.49513000,65171.50404600
2021-11-11,4923991.73622000,4978454.91237000,4864613.10000000,4915783.36566000,37237.98058000
2021-11-12,4915782.60675000,4967119.07370000,4726339.69800000,4866300.15693000,44490.10816000
2021-11-13,4866299.39802000,4932915.00000000,4808470.45602000,4885862.58000000,22504.97383000
2021-11-14,4885863.33891000,4974693.75441000,4824866.70657000,4972310.01810000,25705.07347000
2021-11-15,4972310.77701000,5039300.52162000,4811489.40000000,4827179.10534000,37829.37124000
2021-11-16,4827178.34643000,4827981.27321000,4445244.74637000,4557927.70317000,77455.15609000
2021-11-17,4557927.70317000,4617225.89493000,4429985.34300000,4579632.52917000,46289.38491000
2021-11-18,4579631.77026000,4627529.61600000,4285888.06566000,4317561.93342000,62146.99931000
2021-11-19,4317561.93342000,4425963.12000000,4219539.60000000,4405642.54584000,50715.88726000
2021-11-20,4406011.37610000,4541696.89500000,4352576.52300000,4531262.64141000,33811.59010000
2021-11-21,4531263.40032000,4555718.51616000,4438610.35515000,4448883.71982000,31902.22785000
2021-11-22,4448555.87070000,4511264.60400000,4220298.51000000,4268654.73738000,51724.32047000
2021-11-23,4268400.50253000,4402436.15109000,4198062.44700000,4366864.52157000,49917.85017000
2021-11-24,4366863.76266000,4381566.88500000,4237525.76700000,4336281.96639000,39612.04964000
2021-11-25,4336281.96639000,4507841.91990000,4325787.00000000,4474560.68076000,42153.51522000
2021-11-26,4474561.43967000,4488952.65000000,4060168.50000000,4077360.08823000,65927.87066000
2021-11-27,4077146.83452000,4195254.48000000,4068516.51000000,4152833.68773000,29716.99957000
2021-11-28,4152487.62477000,4359562.28955000,4041699.66624000,4346647.91808000,36163.71370000
2021-11-29,4346648.67699000,4467397.32927000,4300490.25297000,4384697.38875000,40125.28009000
2021-11-30,4384697.38875000,4491000.94809000,4240451.36505000,4322034.94896000,49161.05194000
2021-12-01,4322034.94896000,4481632.96305000,4284654.83691000,4339756.25637000,44956.63656000
2021-12-02,4339756.25637000,4354281.79377000,4233030.74307000,4286349.48294000,37574.05976000
2021-12-03,4286646.97566000,4371321.60000000,3922046.88000000,4067837.28555000,58927.69027000
2021-12-04,4067837.28555000,4087420.95810000,3187444.76730000,3730230.10077000,114203.37374800
2021-12-05,3730229.34186000,3771710.60355000,3622065.69411000,3748736.88003000,45580.82012000
2021-12-06,3748736.12112000,3862177.22901000,3574466.10000000,3828087.75072000,58571.21575000
2021-12-07,3828086.99181000,3941500.02003000,3797565.90834000,3839246.00445000,38253.46877000
2021-12-08,3839246.00445000,3885619.20000000,3688302.60000000,3830309.08029000,38425.92466000
2021-12-09,3830309.08029000,3855092.80416000,3591162.12000000,3608282.37069000,37692.68665000
2021-12-10,3607546.98690000,3804036.37500000,3555645.13200000,3577542.72114000,44233.57391000
2021-12-11,3577542.72114000,3755520.01761000,3547980.14100000,3748255.73109000,28889.19358000
2021-12-12,3748255.73109000,3853517.30700000,3691186.45800000,3798640.52490000,26017.93421000
2021-12-13,3798640.52490000,3808967.01327000,3466150.67025000,3544318.40025000,50869.52093000
2021-12-14,3544319.15916000,3695922.81531000,3512994.39000000,3668819.86248000,39955.98445000
2021-12-15,3668339.47245000,3756604.50000000,3532498.37700000,3708412.19718000,51629.18100000
2021-12-16,3708412.19718000,3751780.10913000,3605657.30100000,3614868.95058000,31949.86739000
2021-12-17,3614868.95058000,3642461.40036000,3449701.29600000,3500942.89920000,43104.48870000
2021-12-18,3501142.49253000,3596654.35167000,3453040.50000000,3554315.52168000,25020.05271000
2021-12-19,3554314.76277000,3665536.05891000,3521866.80681000,3542685.22593000,29305.70665000
2021-12-20,3542685.98484000,3607673.72487000,3457506.68535000,3560362.51656000,35848.50609000
2021-12-21,3560363.27547000,3743624.10336000,3538797.33000000,3710301.88308000,37713.92924000
2021-12-22,3710128.09269000,3762382.08183000,3674784.13617000,3687404.05056000,27004.20220000
2021-12-23,3687404.80947000,3898900.12500000,3636728.59422000,3858208.12971000,35192.54046000
2021-12-24,3858208.88862000,3931912.71000000,3823724.77713000,3856780.62000000,31684.84269000
2021-12-25,3856779.86109000,3882297.45093000,3805350.80712000,3824880.59706000,19135.51613000
2021-12-26,3824881.35597000,3891690.48000000,3749926.09200000,3853402.71159000,22569.88914000
2021-12-27,3853401.95268000,3953010.40800000,3828625.05900000,3847782.98304000,28783.57561000
2021-12-28,3847782.98304000,3847981.05855000,3590631.64191000,3608141.97234000,45853.33924000
2021-12-29,3608141.97234000,3653322.92028000,3498346.66809000,3526249.51206000,39498.87000000
2021-12-30,3526249.51206000,3635178.90000000,3483396.90000000,3576049.94517000,30352.29569000
2021-12-31,3576050.70408000,3684375.99966000,3466549.09800000,3507449.03463000,34937.99796000
2022-01-01,3507449.03463000,3639324.82533000,3506799.40767000,3621719.63115000,19604.46325000
2022-01-02,3621720.39006000,3642009.09000000,3540618.71400000,3588595.48638000,18340.46040000
2022-01-03,3588595.48638000,3610134.87000000,3467915.13600000,3524840.97510000,27662.07710000
2022-01-04,3524840.97510000,3609189.26814000,3453040.50000000,3478237.07091000,35491.41360000
2022-01-05,3478237.07091000,3572189.37000000,3225367.50000000,3297549.70683000,51784.11857000
2022-01-06,3297550.46574000,3325240.05600000,3220099.14678000,3269559.58821000,38880.37305000
2022-01-07,3269558.82930000,3274380.18453000,3081933.51000000,3154521.73368000,54836.50818000
2022-01-08,3154521.73368000,3210189.30000000,3073661.39100000,3163117.14834000,32952.73111000
2022-01-09,3163117.14834000,3247125.44970000,3126710.71782000,3177147.87642000,22724.39426000
2022-01-10,3177147.87642000,3206280.91350000,3009078.15000000,3173950.58859000,50729.17019000
2022-01-11,3173950.58859000,3270902.10000000,3131940.36663000,3242768.54739000,37296.43729000
2022-01-12,3242768.54739000,3363640.90200000,3221572.95000000,3331816.77006000,33943.29280000
2022-01-13,3331816.01115000,3377149.50000000,3211040.79702000,3229929.30801000,34910.87762000
2022-01-14,3229795.73985000,3297371.36298000,3166624.07145000,3267863.42436000,32640.88292000
2022-01-15,3267863.42436000,3324025.80000000,3229541.50500000,3269709.85239000,21936.05616000
2022-01-16,3269709.85239000,3299361.22500000,3231574.62489000,3268751.34906000,20602.35271000
2022-01-17,3268751.34906000,3276683.47638000,3152544.01422000,3202723.14342000,27562.08613000
2022-01-18,3202723.90233000,3239862.68100000,3130503.75000000,3214144.73892000,29324.08257000
2022-01-19,3214144.73892000,3229854.93483000,3122046.45696000,3161619.81891000,31685.72159000
2022-01-20,3161619.06000000,3301637.95500000,3077631.24921000,3087314.94081000,42330.33953000
2022-01-21,3087315.69972000,3119120.10000000,2689611.19095000,2765871.02121000,88860.89199900
2022-01-22,2765871.02121000,2795461.68102000,2580901.12800000,2661605.13522000,90471.33896100
2022-01-23,2661605.13522000,2769945.60900000,2625905.24991000,2750635.14405000,44279.52354000
2022-01-24,2750635.14405000,2849707.05000000,2498116.94847000,2782190.62185000,91904.75321100
2022-01-25,2782190.62185000,2849338.21974000,2709384.59100000,2804803.86312000,49232.40183000
2022-01-26,2804803.86312000,2953676.20218000,2749882.30533000,2793497.62194000,69830.16036000
2022-01-27,2793338.25084000,2825761.16277000,2694662.49591000,2820117.14910000,53020.87934000
2022-01-28,2820117.90801000,2883858.00000000,2743839.86391000,2862347.45496000,42154.26956000
2022-01-29,2862348.21387000,2938555.67934000,2828339.18004000,2896519.65444000,26129.49682000
2022-01-30,2896518.89553000,2911122.60066000,2834652.55233000,2874884.64816000,21430.66527000
2022-01-31,2874883.88925000,2940320.90400000,2780085.40551000,2919291.50790000,36855.24580000
2022-02-01,2919291.50790000,2979875.29320000,2883858.00000000,2936571.12969000,34574.44663000
2022-02-02,2936571.12969000,2948814.62472000,2776620.22245000,2800101.65676000,35794.68130000
2022-02-03,2800102.41567000,2837336.81700000,2751048.75000000,2831615.39451000,32081.10999000
2022-02-04,2831643.47418000,3170143.89603000,2809995.56643000,3155111.40675000,64703.95874000
2022-02-05,3154917.88470000,3180871.84779000,3099616.87191000,3140566.13769000,32532.34372000
2022-02-06,3140566.89660000,3237206.49600000,3120376.85496000,3216326.60517000,22405.16704000
2022-02-07,3216326.60517000,3377187.44550000,3160545.20235000,3327060.68109000,51060.62006000
2022-02-08,3327060.68109000,3452433.37200000,3237965.40600000,3342466.55409000,64880.29387000
2022-02-09,3342467.31300000,3399840.90900000,3272262.06672000,3367490.09352000,34428.16729000
2022-02-10,3367489.33461000,3477401.51100000,3276518.79291000,3300912.43704000,62357.29091000
2022-02-11,3300912.43704000,3333132.72000000,3182755.46241000,3215784.74343000,44975.16870000
2022-02-12,3215784.74343000,3269345.57559000,3163810.79208000,3203956.37217000,26556.85681000
2022-02-13,3203956.37217000,3245099.16000000,3177556.17000000,3191494.31106000,17732.08113000
2022-02-14,3191493.55215000,3251352.57840000,3153313.54896000,3228095.02254000,34010.13060000
2022-02-15,3228095.02254000,3396228.49740000,3219829.73373000,3380553.97026000,38095.19576000
2022-02-16,3380553.21135000,3380941.77327000,3286611.53700000,3329608.34196000,28471.87270000
2022-02-17,3329608.34196000,3351704.00661000,3041195.98011000,3074776.98870000,47245.99494000
2022-02-18,3074777.74761000,3108486.25308000,2993899.95000000,3033700.22604000,43845.92241000
2022-02-19,3033700.98495000,3069359.88912000,3008245.62573000,3041648.29047000,18042.05510000
2022-02-20,3041648.29047000,3045159.76704000,2883858.00000000,2913219.46899000,33439.29011000
2022-02-21,2913219.46899000,2997265.71585000,2792788.80000000,2808586.27056000,62347.68496000
2022-02-22,2808586.27056000,2916415.23900000,2758637.85000000,2901337.97403000,53785.94589000
2022-02-23,2901337.97403000,2978716.43763000,2810759.02989000,2826940.50891000,43560.73200000
2022-02-24,2826941.26782000,3023725.11300000,2604752.15148000,2908690.29411000,120476.29458000
2022-02-25,2908801.85388000,3011622.77523000,2884948.55367000,2976382.03047000,56574.57125000
2022-02-26,2976381.27156000,3062084.21895000,2927357.20338000,2968606.99752000,29361.25680000
2022-02-27,2968607.75643000,3024688.92870000,2807967.00000000,2861020.12137000,46229.44719000
2022-02-28,2861020.88028000,3356343.22344000,2842130.85147000,3275455.56000000,73945.63858000
2022-03-01,3275455.56000000,3411224.55900000,3248892.19218000,3371169.28920000,61743.09873000
2022-03-02,3371169.28920000,3445451.40000000,3288667.42419000,3331082.14518000,57782.65081000
2022-03-03,3331082.90409000,3346878.09792000,3174693.56148000,3221876.51400000,50940.61021000
2022-03-04,3221876.51400000,3227439.32430000,2925598.05000000,2971030.95606000,61964.68498000
2022-03-05,2971030.19715000,3006288.39684000,2914790.41269000,2989950.58236000,30363.13341000
2022-03-06,2989951.34127000,3012407.48817000,2890579.66587000,2915793.69171000,39677.26158000
2022-03-07,2915792.93280000,3001304.63487000,2819730.10500000,2882947.30800000,63941.20316000
2022-03-08,2882948.06691000,2987227.61328000,2873813.82615000,2939306.24133000,55528.43367000
2022-03-09,2939306.24133000,3232505.80746000,2933676.64695000,3182998.31361000,67392.58799000
2022-03-10,3182997.55470000,3190429.56033000,2924818.64943000,2991775.00200000,71950.25677000
2022-03-11,2991775.76091000,3053570.00766000,2900827.22760000,2939225.79687000,59018.76420000
2022-03-12,2939225.79687000,2996685.90861000,2933985.52332000,2945129.35776000,24034.36432000
2022-03-13,2945128.59885000,2983275.21000000,2851870.70241000,2866960.10994000,32791.82359000
2022-03-14,2866960.86885000,3031626.88392000,2850086.50500000,3010699.94067000,46945.45375000
2022-03-15,3010699.94067000,3027110.61051000,2891320.36203000,2981023.52403000,46015.54926000
2022-03-16,2981023.52403000,3166020.73800000,2946732.17568000,3120182.57400000,88120.76167000
2022-03-17,3120183.33291000,3147869.12862000,3073585.50000000,3105300.34890000,37189.38087000
2022-03-18,3105299.58999000,3212088.09282000,3045888.32064000,3169019.19141000,45408.00969000
2022-03-19,3169019.19141000,3217778.40000000,3149422.61739000,3202685.95683000,29067.18108000
2022-03-20,3202685.95683000,3209905.46766000,3104776.70100000,3131422.79001000,30653.33468000
2022-03-21,3131422.79001000,3152832.40002000,3071152.43454000,3111701.75475000,39426.24877000
2022-03-22,3111702.51366000,3290709.65100000,3102083.32941000,3215056.18983000,59454.94294000
2022-03-23,3215056.18983000,3265283.13036000,3168560.80977000,3254415.53916000,40828.87039000
2022-03-24,3254415.53916000,3355967.56299000,3229955.86986000,3338555.89086000,56195.12374000
2022-03-25,3338555.89086000,3422239.37874000,3307253.88900000,3362970.02556000,54614.43648000
2022-03-26,3362970.02556000,3399384.80409000,3344665.87527000,3378004.79157000,23041.61741000
2022-03-27,3378004.79157000,3566801.10900000,3371189.02086000,3553805.53416000,41874.91071000
2022-03-28,3553805.53416000,3657175.14744000,3541344.23196000,3576151.63911000,58949.26140000
2022-03-29,3576151.63911000,3650089.20477000,3563146.95735000,3599874.40680000,36772.28457000
2022-03-30,3599873.64789000,3620017.39602000,3524789.36922000,3572036.82909000,40947.20850000
2022-03-31,3572036.82909000,3612411.60000000,3430273.20000000,3453825.21294000,48645.12667000
2022-04-01,3453825.97185000,3545634.35019000,3354382.20000000,3512500.33959000,56271.06474000
2022-04-02,3512500.33959000,3583041.78300000,3462147.42000000,3476642.60100000,37073.53582000
2022-04-03,3476641.84209000,3600580.95201000,3455387.04972000,3521900.19885000,33394.67794000
2022-04-04,3521900.95776000,3558582.87261000,3424050.13800000,3535041.48441000,44641.87514000
2022-04-05,3535040.72550000,3582055.20000000,3441945.99471000,3452854.56705000,42192.74852000
2022-04-06,3452853.80814000,3453582.36174000,3272495.81100000,3276250.13877000,60849.32936000
2022-04-07,3276250.13877000,3331690.03209000,3242621.31885000,3297023.02329000,37396.54156000
2022-04-08,3297023.78220000,3303334.87776000,3288052.70709000,3291968.68269000,694.76123000
